Domínio,Ligado?,Update,Nome,Canal
1018200,Não,Thu Nov 06 2025 20:18:41 GMT+0000 (Coordinated Universal Time),,
1777279,Não,Tue Nov 11 2025 14:07:01 GMT+0000 (Coordinated Universal Time),Roxana Modas,
460703,Sim,Fri Nov 07 2025 12:57:45 GMT+0000 (Coordinated Universal Time),,
1329765,Não,Wed Aug 12 2026 07:00:51 GMT+0000 (Coordinated Universal Time),Sisal Jeans,Vesti
1765600,Sim,Fri Aug 07 2026 19:27:12 GMT+0000 (Coordinated Universal Time),ACCOUTRE,Attasoft
1600604,Não,Tue Jan 27 2026 06:00:59 GMT+0000 (Coordinated Universal Time),Esther Fashion,Uemtel
1482277,Não,Sat Nov 08 2025 06:02:01 GMT+0000 (Coordinated Universal Time),Marta De Oliveira Santos,
1407377,Não,Sun Feb 08 2026 06:01:07 GMT+0000 (Coordinated Universal Time),G2K Jeans,Starter
1578734,Sim,Thu Aug 06 2026 18:02:10 GMT+0000 (Coordinated Universal Time),Modas Ana-Azul,Uemtel
690388,Não,Thu Jul 09 2026 07:00:54 GMT+0000 (Coordinated Universal Time),ANTONIE,Vesti
713252,Sim,Mon Aug 10 2026 12:20:56 GMT+0000 (Coordinated Universal Time),Yzzy Store,Vesti
1781147,Não,Tue Mar 31 2026 06:01:13 GMT+0000 (Coordinated Universal Time),Dayron Fit,Uemtel
1656666,Sim,Wed Aug 12 2026 18:06:18 GMT+0000 (Coordinated Universal Time),KINWAY MODA PRAIA,Vesti
134807,Sim,Mon Nov 10 2025 18:00:36 GMT+0000 (Coordinated Universal Time),Mini Lady ind e com ltda ,
606611,Sim,Wed Jul 29 2026 16:25:24 GMT+0000 (Coordinated Universal Time),Uezz ,Vesti
590370,Não,Sat Jan 31 2026 06:01:04 GMT+0000 (Coordinated Universal Time),Kopen ,Starter
33269,Sim,Fri Jul 31 2026 12:03:37 GMT+0000 (Coordinated Universal Time),Quebela,Attasoft
1548201,Não,Thu Jul 30 2026 16:12:38 GMT+0000 (Coordinated Universal Time),Qbonita,Vesti
43629,Sim,Thu Jul 23 2026 14:01:54 GMT+0000 (Coordinated Universal Time),Júlia Plus,Vesti
619088,Sim,Wed Jul 22 2026 09:11:41 GMT+0000 (Coordinated Universal Time),Valentina Sirrah,Vesti
820612,Sim,Thu Jul 30 2026 01:42:42 GMT+0000 (Coordinated Universal Time),MARIA DUTRA JEANS,Vesti
1518181,Sim,Mon Aug 03 2026 19:23:34 GMT+0000 (Coordinated Universal Time),Ousadia Feminina,Vesti
1800569,Não,Mon Apr 06 2026 06:00:59 GMT+0000 (Coordinated Universal Time),Menina Moleka Kids,Vesti
1237877,Sim,Mon Aug 10 2026 11:26:35 GMT+0000 (Coordinated Universal Time),Beigë Store,Vesti
1538482,Sim,Mon Nov 10 2025 21:11:16 GMT+0000 (Coordinated Universal Time),Felina Fashion,
657248,Sim,Tue Aug 04 2026 12:17:21 GMT+0000 (Coordinated Universal Time),TGR Denim,Vesti
1574253,Sim,Fri Jul 24 2026 12:30:39 GMT+0000 (Coordinated Universal Time),Sangue de peão,Starter
1110791,Sim,Mon Aug 10 2026 12:39:05 GMT+0000 (Coordinated Universal Time),JDL MODAS,Vesti
1791816,Não,Tue Nov 11 2025 14:14:13 GMT+0000 (Coordinated Universal Time),Edyta Paty Confecções,
1791824,Sim,Tue Jul 21 2026 01:42:12 GMT+0000 (Coordinated Universal Time),Camila Style,Uemtel
1795750,Não,Thu Jan 08 2026 06:01:06 GMT+0000 (Coordinated Universal Time),RIPLEY CASACOS,Uemtel
1799016,Não,Sat Jan 03 2026 06:00:59 GMT+0000 (Coordinated Universal Time),ALH MODAS,Uemtel
1542417,Sim,Mon Jul 27 2026 05:15:29 GMT+0000 (Coordinated Universal Time),Moda Galvez,Uemtel
1548808,Sim,Wed Jul 22 2026 16:59:07 GMT+0000 (Coordinated Universal Time),Liz Bijux e Acessorios,Uemtel
1803549,Não,Tue Nov 11 2025 14:21:54 GMT+0000 (Coordinated Universal Time),Modas Kaori,
1803538,Não,Wed Apr 22 2026 20:29:44 GMT+0000 (Coordinated Universal Time),QURBET MODAS,Uemtel
1806389,Não,Mon Jan 12 2026 06:01:00 GMT+0000 (Coordinated Universal Time),B-Roly Modas,Uemtel
389753,Não,Tue Nov 11 2025 14:33:19 GMT+0000 (Coordinated Universal Time),Grupo Eixo NTK Loja Fatal,
1225145,Não,Fri Feb 27 2026 06:00:57 GMT+0000 (Coordinated Universal Time),Rogerio Festa Garcia,Starter
1788386,Não,Tue Nov 11 2025 14:53:18 GMT+0000 (Coordinated Universal Time),Rafael Moon,
1322404,Não,Tue Nov 11 2025 14:53:57 GMT+0000 (Coordinated Universal Time),Gonzalo Flavio Callisaya,
1361483,Não,Fri Feb 13 2026 06:01:02 GMT+0000 (Coordinated Universal Time),TNT Moda Fitness,Starter
85355,Sim,Wed Aug 12 2026 13:39:37 GMT+0000 (Coordinated Universal Time),Look Kids,Varejo Vesti
1369661,Sim,Wed Aug 12 2026 13:39:37 GMT+0000 (Coordinated Universal Time),Ana Paula Dias,N/A
1770431,Não,Thu Nov 13 2025 06:01:29 GMT+0000 (Coordinated Universal Time),Ana lucia Lina de Sousa,
829798,Sim,Mon Jul 27 2026 11:47:31 GMT+0000 (Coordinated Universal Time),L2M,Vesti
1457500,Não,Wed Mar 25 2026 06:01:06 GMT+0000 (Coordinated Universal Time),L2M Maringá,Vesti
389380,Sim,Wed Aug 05 2026 16:49:04 GMT+0000 (Coordinated Universal Time),FELPS,Vesti
86630,Não,Sun Nov 16 2025 06:01:38 GMT+0000 (Coordinated Universal Time),Wanessa Modas,
1694617,Não,Sun Nov 16 2025 06:01:38 GMT+0000 (Coordinated Universal Time),Duran Modas,
1668728,Não,Wed Dec 17 2025 06:01:08 GMT+0000 (Coordinated Universal Time),CONFECCOES ALIANZA,Tizeefy
1623082,Sim,Tue Aug 11 2026 16:05:52 GMT+0000 (Coordinated Universal Time),Noeli Modas ,Uemtel
1700800,Não,Tue Jul 07 2026 14:57:32 GMT+0000 (Coordinated Universal Time),PLANETY CAT JEANS,Vesti
627469,Sim,Wed Jul 22 2026 16:38:27 GMT+0000 (Coordinated Universal Time),Emile Fontes,Trial
228098,Não,Mon Nov 17 2025 14:15:19 GMT+0000 (Coordinated Universal Time),Karmel,
61152,Não,Tue Feb 03 2026 15:39:56 GMT+0000 (Coordinated Universal Time),Borame Modas,
67512,Não,Sat Feb 28 2026 06:01:00 GMT+0000 (Coordinated Universal Time),Rubinella ,Vesti
1557757,Não,Tue Nov 18 2025 06:01:26 GMT+0000 (Coordinated Universal Time),Sutuon Joias,
1349340,Não,Tue Nov 18 2025 06:01:26 GMT+0000 (Coordinated Universal Time),Mariicota Sttore,
1776270,Sim,Mon Jul 06 2026 16:34:22 GMT+0000 (Coordinated Universal Time),G&B Bros,Vesti
1637820,Sim,Thu Jul 16 2026 17:15:18 GMT+0000 (Coordinated Universal Time),Maria Fuxico,Vesti
1584172,Sim,Mon Jul 20 2026 12:41:02 GMT+0000 (Coordinated Universal Time),TRICOTEZ,Vesti
1613705,Sim,Mon Jul 20 2026 12:41:02 GMT+0000 (Coordinated Universal Time),Tricotez Mega,Vesti
34086,Sim,Sun Aug 09 2026 16:34:04 GMT+0000 (Coordinated Universal Time),Nany Borges,Varejo Vesti
1568965,Sim,Tue Jul 21 2026 17:37:32 GMT+0000 (Coordinated Universal Time),Oxigênio Modas,Vesti
1343255,Sim,Thu Jul 23 2026 16:40:16 GMT+0000 (Coordinated Universal Time),Red Rock 2,Vesti
552973,Não,Fri Nov 21 2025 13:52:09 GMT+0000 (Coordinated Universal Time),Nuxx,
1700627,Sim,Tue Jul 28 2026 14:23:04 GMT+0000 (Coordinated Universal Time),HELLEN MODA FEMININA,Uemtel
1186226,Sim,Sun Jul 12 2026 16:29:04 GMT+0000 (Coordinated Universal Time),Angelica Aparecida De Oliveira,Varejo Vesti
1745348,Não,Mon Mar 02 2026 06:00:59 GMT+0000 (Coordinated Universal Time),Mey Modas,Uemtel
1566528,Sim,Mon Aug 10 2026 17:54:23 GMT+0000 (Coordinated Universal Time),Jilem Modas,Vesti
1483567,Sim,Tue Jul 14 2026 19:24:06 GMT+0000 (Coordinated Universal Time),Layza Aguiar,Vesti
1541315,Sim,Mon Jul 06 2026 13:06:29 GMT+0000 (Coordinated Universal Time),Kafka Baby,
831832,Sim,Tue Nov 25 2025 20:08:41 GMT+0000 (Coordinated Universal Time),Dveras Moda,
262357,Não,Tue Nov 25 2025 20:28:23 GMT+0000 (Coordinated Universal Time),Shell Pink,
77837,Sim,Thu Jul 16 2026 09:36:04 GMT+0000 (Coordinated Universal Time),Alcance Loja Fábrica,Attasoft
24244,Sim,Mon Jul 13 2026 12:09:40 GMT+0000 (Coordinated Universal Time),Ricca Jeans,Vesti
63957,Sim,Thu Jul 16 2026 09:47:13 GMT+0000 (Coordinated Universal Time),Amiska,Vesti
917223,Sim,Fri Nov 28 2025 13:36:46 GMT+0000 (Coordinated Universal Time),VICTORIA FASHION,
1752267,Não,Wed Nov 26 2025 06:01:33 GMT+0000 (Coordinated Universal Time),Thais Confecções,
894067,Sim,Sun Jul 26 2026 20:03:14 GMT+0000 (Coordinated Universal Time),Dreams Atacado,Starter
1422450,Sim,Thu Jul 23 2026 15:27:24 GMT+0000 (Coordinated Universal Time),Espaço Hada,Starter
1652126,Sim,Tue Jul 28 2026 17:11:42 GMT+0000 (Coordinated Universal Time),La Mora Confecções Ltda,Starter
503164,Sim,Wed Jul 29 2026 13:43:15 GMT+0000 (Coordinated Universal Time),Rosa Chick,Vesti
1819320,Sim,Wed Nov 26 2025 19:21:33 GMT+0000 (Coordinated Universal Time),Dayas Modas,
1812999,Sim,Wed Aug 12 2026 16:28:53 GMT+0000 (Coordinated Universal Time),Modas Dylan 22,Uemtel
1590333,Sim,Mon Dec 01 2025 16:47:17 GMT+0000 (Coordinated Universal Time),Select New Style,Tizeefy
70489,Não,Thu Jul 16 2026 07:00:50 GMT+0000 (Coordinated Universal Time),Dots,Starter
1376999,Sim,Thu Jul 16 2026 16:48:54 GMT+0000 (Coordinated Universal Time),DELAS PLUS SIZE,Varejo Vesti
1294908,Não,Thu Nov 27 2025 06:01:26 GMT+0000 (Coordinated Universal Time),Lico & Teca Denim,
1789212,Não,Fri Nov 28 2025 06:01:26 GMT+0000 (Coordinated Universal Time),IZZY,
896374,Não,Tue Feb 03 2026 12:00:39 GMT+0000 (Coordinated Universal Time),Excelsior ,Vesti
1514453,Sim,Mon Jul 27 2026 13:45:36 GMT+0000 (Coordinated Universal Time),Tanker Jeans,Vesti
1770505,Não,Wed Jan 14 2026 06:01:04 GMT+0000 (Coordinated Universal Time),Vi Lingerie,Vesti
2407,Sim,Thu Dec 04 2025 13:15:54 GMT+0000 (Coordinated Universal Time),Modas Gio,Attasoft
160920,Sim,Tue Dec 02 2025 16:58:22 GMT+0000 (Coordinated Universal Time),Elaveste,Attasoft
731799,Sim,Fri Jul 31 2026 12:18:43 GMT+0000 (Coordinated Universal Time),Nega Maluca,Vesti
543364,Sim,Tue Jul 21 2026 17:42:22 GMT+0000 (Coordinated Universal Time),Mavolle,Vesti
1791859,Sim,Thu Jul 23 2026 14:06:12 GMT+0000 (Coordinated Universal Time),Milenka Modas,Uemtel
53306,Não,Mon Dec 01 2025 06:01:19 GMT+0000 (Coordinated Universal Time),Florença Distribuidora,Starter
909617,Sim,Sat Aug 01 2026 13:39:58 GMT+0000 (Coordinated Universal Time),Bella Moda Intima,Vesti
57,Sim,Mon Jul 20 2026 19:18:00 GMT+0000 (Coordinated Universal Time),Sedução Dress,Vesti
1382030,Não,Tue Mar 03 2026 06:01:11 GMT+0000 (Coordinated Universal Time),VLY Jeans,Starter
1646881,Não,Thu Apr 23 2026 18:19:43 GMT+0000 (Coordinated Universal Time),Ian Fashion,Uemtel
350323,Sim,Fri Jul 31 2026 10:38:11 GMT+0000 (Coordinated Universal Time),MISSMEL,Vesti
196201,Sim,Mon Aug 03 2026 12:40:55 GMT+0000 (Coordinated Universal Time),Sigui Atacado ,Vesti
1428630,Sim,Tue Jul 21 2026 16:38:31 GMT+0000 (Coordinated Universal Time),Imporio Fitness,Starter
249725,Não,Wed Feb 04 2026 13:03:35 GMT+0000 (Coordinated Universal Time),True Jeans,Attasoft
1336573,Não,Thu Dec 04 2025 06:01:04 GMT+0000 (Coordinated Universal Time),T-Shirts Store,Starter
1091249,Sim,Mon Jul 27 2026 19:39:49 GMT+0000 (Coordinated Universal Time),LIÊ,Starter
1837836,Sim,Fri Jul 24 2026 19:15:48 GMT+0000 (Coordinated Universal Time),D'Veras Moda,Vesti
188782,Não,Fri Feb 13 2026 12:41:20 GMT+0000 (Coordinated Universal Time),Anamiss,Attasoft
1084760,Não,Sat Dec 06 2025 06:01:01 GMT+0000 (Coordinated Universal Time),Julia Trindade,Starter
1289611,Não,Wed May 06 2026 06:00:56 GMT+0000 (Coordinated Universal Time),Meire Hele Custodio Guimaraes,Varejo Vesti
1825305,Sim,Wed Jul 29 2026 13:07:17 GMT+0000 (Coordinated Universal Time),Lima Ritz,Uemtel
1838211,Não,Mon Dec 08 2025 19:34:12 GMT+0000 (Coordinated Universal Time),Mafe Modas,Uemtel
1557884,Não,Wed Mar 11 2026 06:01:13 GMT+0000 (Coordinated Universal Time),Punto Exacto,Uemtel
1834130,Não,Fri May 08 2026 20:10:06 GMT+0000 (Coordinated Universal Time),Ninay Modas,Uemtel
1794530,Sim,Wed Jul 22 2026 16:53:24 GMT+0000 (Coordinated Universal Time),Mocinha Charmosa,Starter
1582002,Não,Tue Dec 09 2025 06:01:13 GMT+0000 (Coordinated Universal Time),Casf,N/A
1169190,Sim,Tue Aug 04 2026 10:27:48 GMT+0000 (Coordinated Universal Time),WA BABY,Starter
1765732,Sim,Mon Jul 27 2026 20:35:36 GMT+0000 (Coordinated Universal Time),Menina Bonita,Starter
1799158,Não,Tue Dec 09 2025 20:33:53 GMT+0000 (Coordinated Universal Time),LILY MODAS,Starter
1298795,Sim,Thu Jul 23 2026 01:07:26 GMT+0000 (Coordinated Universal Time),Sammy T-shirts,Vesti
1414238,Não,Wed Jan 07 2026 20:34:40 GMT+0000 (Coordinated Universal Time),Ml Multimarcas,Varejo Vesti
60719,Sim,Sat Aug 01 2026 16:59:36 GMT+0000 (Coordinated Universal Time),Shyros,Vesti
47598,Não,Fri Dec 12 2025 14:24:43 GMT+0000 (Coordinated Universal Time),Aurora by Mariá,Attasoft
1833676,Não,Tue Jul 28 2026 18:14:10 GMT+0000 (Coordinated Universal Time),Santho Pano,Vesti
1699248,Não,Sat Dec 13 2025 06:01:14 GMT+0000 (Coordinated Universal Time),HAON MODAS,Up Agency
1432242,Sim,Fri Jul 17 2026 13:06:10 GMT+0000 (Coordinated Universal Time),Carmen Jeans,Starter
1594912,Sim,Thu Aug 06 2026 08:33:27 GMT+0000 (Coordinated Universal Time),Gaven Jeans,Starter
194051,Sim,Tue Dec 16 2025 10:11:33 GMT+0000 (Coordinated Universal Time),LICOMMO,Attasoft
1746719,Não,Tue Dec 16 2025 13:16:32 GMT+0000 (Coordinated Universal Time),Camisaria Real.com,Vesti
1845843,Não,Wed Jun 03 2026 07:01:14 GMT+0000 (Coordinated Universal Time),Luvesa Modas,Uemtel
1813249,Não,Thu Dec 18 2025 06:01:03 GMT+0000 (Coordinated Universal Time),JOISSI,Starter
1288038,Não,Thu Dec 18 2025 06:01:03 GMT+0000 (Coordinated Universal Time),Bárbara Porto Acessórios®️,Vesti
1589515,Sim,Thu Dec 18 2025 18:59:38 GMT+0000 (Coordinated Universal Time),BC3 Modas,Uemtel
1372995,Sim,Mon Aug 10 2026 13:46:48 GMT+0000 (Coordinated Universal Time),Patacho Integração ,Vesti
1819809,Não,Mon Apr 20 2026 13:00:52 GMT+0000 (Coordinated Universal Time),Tratto Jeans,Attasoft
1819640,Sim,Tue Jul 21 2026 15:22:16 GMT+0000 (Coordinated Universal Time),Happy Boy,Vesti
1813008,Não,Fri Jan 30 2026 06:00:57 GMT+0000 (Coordinated Universal Time),Ada Confecções,Uemtel
1245087,Não,Tue Dec 23 2025 06:01:02 GMT+0000 (Coordinated Universal Time),Fábio s Moda Intima,Starter
124451,Sim,Mon Jul 27 2026 11:38:06 GMT+0000 (Coordinated Universal Time),Bestie ,Attasoft
938114,Não,Sat May 23 2026 06:00:59 GMT+0000 (Coordinated Universal Time),Myllena Modas,Vesti
1365858,Sim,Mon Jul 20 2026 14:22:12 GMT+0000 (Coordinated Universal Time),TEAM BASIC,Starter
1415574,Sim,Wed Jun 24 2026 19:20:56 GMT+0000 (Coordinated Universal Time),MODAS CARLA,Vesti
1289726,Sim,Fri Jul 24 2026 11:50:55 GMT+0000 (Coordinated Universal Time),Planet Charm,Vesti
1078045,Sim,Fri Jul 17 2026 17:41:12 GMT+0000 (Coordinated Universal Time),ZUA - Apucarana,Vesti
1071612,Sim,Wed Jul 15 2026 21:10:55 GMT+0000 (Coordinated Universal Time),Modas Condor,Vesti
68527,NÃO,Fri Dec 26 2025 12:55:53 GMT+0000 (Coordinated Universal Time),Diamantes Lingerie,Vesti
152442,Sim,Wed Jul 15 2026 18:36:43 GMT+0000 (Coordinated Universal Time),Four One Jeans,Vesti
1189507,Sim,Tue Apr 21 2026 10:01:44 GMT+0000 (Coordinated Universal Time),STATI UNITI,Vesti
93281,Sim,Sat Jul 18 2026 09:04:22 GMT+0000 (Coordinated Universal Time),As Marias,Attasoft
1768947,Não,Fri Dec 26 2025 17:01:27 GMT+0000 (Coordinated Universal Time),J&B Moda Plus Feminina,Starter
455308,Sim,Fri Jul 24 2026 16:28:08 GMT+0000 (Coordinated Universal Time),Vida Nua,Vesti
1541278,Sim,Wed Jul 29 2026 17:28:14 GMT+0000 (Coordinated Universal Time),V.R. MODAS.PLUS,Vesti
1422461,Não,Fri Jan 16 2026 12:28:36 GMT+0000 (Coordinated Universal Time),Feminisces,Starter
1159091,Não,Tue Dec 30 2025 06:00:59 GMT+0000 (Coordinated Universal Time),Autenticada,Starter
501724,Não,Tue Apr 28 2026 17:30:51 GMT+0000 (Coordinated Universal Time),Lasala,Attasoft
873969,Sim,Wed Jul 29 2026 15:18:02 GMT+0000 (Coordinated Universal Time),Estação Fit integração,Vesti
488254,Sim,Mon Feb 02 2026 11:24:20 GMT+0000 (Coordinated Universal Time),Estação Fit,Vesti
166159,Sim,Fri Jul 31 2026 11:02:21 GMT+0000 (Coordinated Universal Time),Aqua,Attasoft
198148,Sim,Fri Jul 31 2026 19:10:34 GMT+0000 (Coordinated Universal Time),BM Bolsas,Starter
1829272,Não,Wed Dec 31 2025 06:01:15 GMT+0000 (Coordinated Universal Time),Elas Charmosa,Vesti
16331,Sim,Tue Jul 21 2026 09:42:40 GMT+0000 (Coordinated Universal Time),Acqua Marine,Attasoft
768034,Não,Tue Mar 17 2026 16:09:13 GMT+0000 (Coordinated Universal Time),Ione,Varejo Vesti
1378317,Não,Fri Jan 02 2026 06:01:13 GMT+0000 (Coordinated Universal Time),VIVIANE CONCEITO,Varejo Vesti
1276481,Sim,Sun Aug 02 2026 18:19:41 GMT+0000 (Coordinated Universal Time),HAPPY CAT,Vesti
80179,Sim,Mon Jul 27 2026 16:29:48 GMT+0000 (Coordinated Universal Time),Charmonte,Starter
1210327,Sim,Sat Jul 25 2026 12:05:27 GMT+0000 (Coordinated Universal Time),Daiany Confecções,Vesti
1570446,Não,Wed Jul 22 2026 20:38:33 GMT+0000 (Coordinated Universal Time),Shalen Modas,Vesti
1548772,Sim,Mon Aug 03 2026 15:31:59 GMT+0000 (Coordinated Universal Time),AINGRID PLUS SIZE,Uemtel
197180,Não,Wed Feb 04 2026 06:01:06 GMT+0000 (Coordinated Universal Time),Guilhermina de Paula,Starter
641768,Não,Fri Jun 05 2026 07:01:14 GMT+0000 (Coordinated Universal Time),ESNOUBA,Starter
1321436,Não,Thu Jun 11 2026 18:49:12 GMT+0000 (Coordinated Universal Time),Bela Palu,Starter
1752353,Sim,Fri Jul 31 2026 17:06:33 GMT+0000 (Coordinated Universal Time),Jhoana Modas,Uemtel
98224,Sim,Sun Jul 26 2026 16:43:51 GMT+0000 (Coordinated Universal Time),Liriumix,Varejo Vesti
1694658,Não,Wed Jan 07 2026 06:00:58 GMT+0000 (Coordinated Universal Time),Pamela Modas,Uemtel
1570542,Não,Wed Jan 07 2026 20:18:04 GMT+0000 (Coordinated Universal Time),Camila Silva Braga,Varejo Vesti
203228,Sim,Wed Aug 12 2026 09:17:52 GMT+0000 (Coordinated Universal Time),Egoiste,Vesti
1169506,Sim,Wed Feb 18 2026 16:20:36 GMT+0000 (Coordinated Universal Time),República Caipira,Vesti
57067,Não,Wed Aug 05 2026 07:00:48 GMT+0000 (Coordinated Universal Time),FAGIAN,Vesti
1719993,Não,Thu Jan 08 2026 18:31:57 GMT+0000 (Coordinated Universal Time),Nina Confecções,Starter
1858154,Não,Fri May 15 2026 18:48:20 GMT+0000 (Coordinated Universal Time),Joelik,Vesti
90371,Sim,Tue Jul 28 2026 16:47:23 GMT+0000 (Coordinated Universal Time),ERIKA MISLAINNY PEDROSA LAMENHA ,Varejo Vesti
378816,Não,Fri Jan 09 2026 06:00:58 GMT+0000 (Coordinated Universal Time),Lado Doce,Starter
1842018,Sim,Wed Jul 29 2026 19:48:14 GMT+0000 (Coordinated Universal Time),Tutti Sposa,Vesti
1806105,Sim,Sun Jul 19 2026 17:15:25 GMT+0000 (Coordinated Universal Time),Lizeth Capcha colquehuanca,Starter
1585029,Não,Tue May 19 2026 13:54:15 GMT+0000 (Coordinated Universal Time), RJ Moda Feminina,Starter
1496772,Não,Fri Feb 13 2026 06:01:02 GMT+0000 (Coordinated Universal Time),Playboy Modas,Varejo Vesti
1058665,Não,Tue Jan 13 2026 14:17:38 GMT+0000 (Coordinated Universal Time),Gabriella Lorraynne De Lima Wolkweis,Starter
1819138,Não,Tue Jan 13 2026 19:40:56 GMT+0000 (Coordinated Universal Time),Kelly Torres Federice,Starter
1771336,Sim,Mon Aug 03 2026 16:28:47 GMT+0000 (Coordinated Universal Time),ESSENCE FASHION,Attasoft
844570,Sim,Tue Aug 04 2026 07:41:21 GMT+0000 (Coordinated Universal Time),Modas Itsen ,Uemtel
1867635,Não,Wed Jan 14 2026 21:06:02 GMT+0000 (Coordinated Universal Time),Anna Jheidy,Uemtel
1867647,Sim,Fri Jul 31 2026 23:56:11 GMT+0000 (Coordinated Universal Time),Kalamarka Store,Uemtel
1868252,Não,Tue Apr 07 2026 06:00:59 GMT+0000 (Coordinated Universal Time),Luz Modas,Uemtel
1832872,Não,Tue Jun 16 2026 18:40:37 GMT+0000 (Coordinated Universal Time),Mia Larissa Modas,Uemtel
17731,Sim,Tue Jul 14 2026 16:49:02 GMT+0000 (Coordinated Universal Time),CODI CODI,Attasoft
449916,Não,Thu Jan 15 2026 18:27:18 GMT+0000 (Coordinated Universal Time),Pano Gringo,Starter
1823537,Não,Thu Jan 15 2026 18:31:40 GMT+0000 (Coordinated Universal Time),Abrahao Miguel Abrahao Junior,Starter
1855177,Não,Thu Jan 15 2026 18:34:33 GMT+0000 (Coordinated Universal Time),Adagio Store,Starter
1813987,Não,Thu Jan 15 2026 18:36:05 GMT+0000 (Coordinated Universal Time),Apaza Modas,Starter
892034,Sim,Fri Jan 16 2026 14:39:52 GMT+0000 (Coordinated Universal Time),Susie,Attasoft
1840967,Sim,Sat Jul 18 2026 16:29:48 GMT+0000 (Coordinated Universal Time),Modinhas Reymar,Starter
1840960,Sim,Mon Aug 10 2026 16:25:37 GMT+0000 (Coordinated Universal Time),JULY PLUS STORE,Starter
1853374,Sim,Wed Jul 01 2026 13:30:42 GMT+0000 (Coordinated Universal Time),Clube Zaya,Starter
513774,Não,Fri Jan 16 2026 06:01:02 GMT+0000 (Coordinated Universal Time),Chocoberry,Miré
1657438,Não,Fri Jan 16 2026 06:01:02 GMT+0000 (Coordinated Universal Time),HB Fashion,Varejo Vesti
1829271,Não,Fri Jan 16 2026 11:34:21 GMT+0000 (Coordinated Universal Time),Elas Charmosa,Vesti
1847659,Sim,Mon Aug 03 2026 17:31:05 GMT+0000 (Coordinated Universal Time),Exprim,Vesti
442162,Sim,Thu Aug 06 2026 20:23:49 GMT+0000 (Coordinated Universal Time),Egoiste Collection Mega Polo,Vesti
914287,Sim,Mon May 11 2026 19:06:00 GMT+0000 (Coordinated Universal Time),Gigantinho Kids,Starter
164810,Sim,Thu Jul 16 2026 16:42:30 GMT+0000 (Coordinated Universal Time),AFETTO,Attasoft
1799917,Não,Sun Mar 08 2026 06:00:58 GMT+0000 (Coordinated Universal Time),Baubaki,Vesti
1069425,Sim,Mon Jul 20 2026 13:54:24 GMT+0000 (Coordinated Universal Time),MALUE,Vesti
742368,Não,Fri Jan 23 2026 19:55:59 GMT+0000 (Coordinated Universal Time),V&Y Jeans,Starter
1842000,Sim,Fri Jan 30 2026 09:16:48 GMT+0000 (Coordinated Universal Time),Transby Shop,Vesti
1740045,Sim,Tue Jan 20 2026 19:49:16 GMT+0000 (Coordinated Universal Time),Código Zero Programado,Vesti
1086620,Não,Tue Mar 03 2026 06:01:11 GMT+0000 (Coordinated Universal Time),Moda Pink Atacado,Vesti
258571,Não,Wed Jan 21 2026 06:01:14 GMT+0000 (Coordinated Universal Time),A’VVA,N/A
1126062,Sim,Thu Jan 22 2026 11:38:16 GMT+0000 (Coordinated Universal Time),Egoíste Plus,Vesti
1251814,Não,Thu Jan 22 2026 16:56:35 GMT+0000 (Coordinated Universal Time),,
1923102,Não,Sat Jan 24 2026 06:01:16 GMT+0000 (Coordinated Universal Time),Delfin Mendez Huallpa,Starter
1389978,Não,Sat Apr 25 2026 06:01:17 GMT+0000 (Coordinated Universal Time),Armored Jeans,Vesti
170732,Sim,Wed Aug 12 2026 19:11:31 GMT+0000 (Coordinated Universal Time),Tomany,Attasoft
1756648,Sim,Mon Jan 26 2026 11:41:59 GMT+0000 (Coordinated Universal Time),,
1667103,Não,Fri Apr 03 2026 06:01:01 GMT+0000 (Coordinated Universal Time),BUH,Vesti
140722,Sim,Tue Aug 11 2026 19:27:39 GMT+0000 (Coordinated Universal Time),BluBetty,Vesti
1355238,Não,Tue Jan 27 2026 11:55:38 GMT+0000 (Coordinated Universal Time),,
90069,Sim,Mon Aug 03 2026 14:19:47 GMT+0000 (Coordinated Universal Time),,
1206640,Sim,Mon Jul 20 2026 14:24:25 GMT+0000 (Coordinated Universal Time),Levitheo,Starter
1219155,Não,Tue Mar 10 2026 12:27:30 GMT+0000 (Coordinated Universal Time),Malvada Favorita Plus,Vesti
1355732,Não,Tue Jul 07 2026 15:37:02 GMT+0000 (Coordinated Universal Time),Amolita Brand,Starter
681828,Sim,Mon Jul 20 2026 16:26:57 GMT+0000 (Coordinated Universal Time),Lumini Jeans,Starter
290692,Sim,Mon Aug 10 2026 19:44:25 GMT+0000 (Coordinated Universal Time),Záfira,Vesti
1668666,Não,Mon Feb 02 2026 16:23:53 GMT+0000 (Coordinated Universal Time),,
290089,Não,Fri May 22 2026 14:59:49 GMT+0000 (Coordinated Universal Time),,
636413,Sim,Mon Aug 03 2026 17:09:40 GMT+0000 (Coordinated Universal Time),Lucas,Starter
1309215,Não,Wed Jul 29 2026 19:52:45 GMT+0000 (Coordinated Universal Time),Lupus Wear,Starter
1786269,Sim,Tue Jul 21 2026 18:45:32 GMT+0000 (Coordinated Universal Time),Clubinho da Mágica,Ve Vantagens
1812943,Sim,Mon Jul 13 2026 19:11:27 GMT+0000 (Coordinated Universal Time),Tica Modas,Uemtel
1797546,Sim,Wed Jul 22 2026 16:42:31 GMT+0000 (Coordinated Universal Time),Edge clothing,Starter
62,Não,Thu Feb 05 2026 12:57:54 GMT+0000 (Coordinated Universal Time),,
282297,Não,Thu Feb 05 2026 13:13:17 GMT+0000 (Coordinated Universal Time),,
921203,Não,Thu Feb 05 2026 13:15:44 GMT+0000 (Coordinated Universal Time),,
1048211,Não,Thu Feb 05 2026 18:53:37 GMT+0000 (Coordinated Universal Time),,
96701,Não,Thu Feb 05 2026 18:56:56 GMT+0000 (Coordinated Universal Time),,
1166488,Não,Sat Feb 07 2026 06:00:59 GMT+0000 (Coordinated Universal Time),BS Multimarcas,Varejo Vesti
1578750,Não,Tue Apr 07 2026 18:13:10 GMT+0000 (Coordinated Universal Time),Cuba Confecções,Uemtel
337625,Não,Thu Apr 23 2026 13:13:08 GMT+0000 (Coordinated Universal Time),𝐉𝐞𝐢𝐭𝐨 𝐃𝐞𝐥𝐚𝐬 𝐂𝐥𝐨𝐬𝐞𝐭,Varejo Vesti
24540,Sim,Tue Jul 28 2026 19:26:05 GMT+0000 (Coordinated Universal Time),Cashier,Attasoft
462923,Não,Wed Feb 11 2026 13:50:05 GMT+0000 (Coordinated Universal Time),,
1663121,Não,Wed Feb 11 2026 13:55:12 GMT+0000 (Coordinated Universal Time),,
1383174,Não,Thu Feb 12 2026 19:53:59 GMT+0000 (Coordinated Universal Time),,
126149,Não,Fri Feb 13 2026 18:19:50 GMT+0000 (Coordinated Universal Time),,
92665,Sim,Fri Feb 13 2026 19:15:55 GMT+0000 (Coordinated Universal Time),,
1182917,Sim,Fri Jun 05 2026 14:38:15 GMT+0000 (Coordinated Universal Time),Enfasy Jeans,Starter
1663116,Não,Tue Feb 17 2026 06:01:02 GMT+0000 (Coordinated Universal Time),H. MIRO,Starter
1618245,Sim,Wed Jul 29 2026 17:00:44 GMT+0000 (Coordinated Universal Time),Malvada Night,Vesti
1191066,Sim,Wed Jul 15 2026 12:03:12 GMT+0000 (Coordinated Universal Time),Lesly Modas,Vesti
1555716,Sim,Sat Jul 18 2026 13:37:45 GMT+0000 (Coordinated Universal Time),Deslum...,Vesti
660231,Sim,Fri Aug 07 2026 16:40:27 GMT+0000 (Coordinated Universal Time),Ridana,Starter
25804,Sim,Tue Jul 14 2026 09:24:15 GMT+0000 (Coordinated Universal Time),TRICOMIX,Vesti
1885096,Não,Wed Feb 18 2026 19:11:16 GMT+0000 (Coordinated Universal Time),,
1814060,Sim,Tue Jul 28 2026 15:38:03 GMT+0000 (Coordinated Universal Time),Erika Shu,Starter
1626670,Não,Thu Feb 19 2026 06:01:00 GMT+0000 (Coordinated Universal Time),Linda Costume,Uemtel
94223,Não,Thu Feb 19 2026 15:24:21 GMT+0000 (Coordinated Universal Time),,
452862,Não,Fri Mar 20 2026 12:09:18 GMT+0000 (Coordinated Universal Time),Conkist T-Shirt,Starter
148108,Não,Mon Feb 23 2026 18:14:41 GMT+0000 (Coordinated Universal Time),,
1658815,Sim,Fri Jul 24 2026 19:16:19 GMT+0000 (Coordinated Universal Time),Stout Roma Joias - Homol 2 ,N/A
1927282,Sim,Wed Jul 29 2026 16:25:27 GMT+0000 (Coordinated Universal Time),Outlet recanto,Starter
777208,Sim,Mon Jul 13 2026 16:43:40 GMT+0000 (Coordinated Universal Time),Julia Andrade Bijuterias,Starter
1541339,Não,Wed Feb 25 2026 06:01:06 GMT+0000 (Coordinated Universal Time),Marbelle Lingerie,Vesti
1629267,Não,Wed Feb 25 2026 06:01:06 GMT+0000 (Coordinated Universal Time),Davi Cintos,Varejo Vesti
1521506,Não,Tue Jul 07 2026 15:03:32 GMT+0000 (Coordinated Universal Time),Modas Golis,Uemtel
460552,Não,Wed Feb 25 2026 19:38:23 GMT+0000 (Coordinated Universal Time),,
1902563,Sim,Thu Feb 26 2026 15:16:54 GMT+0000 (Coordinated Universal Time),Susana Cori Mamani,Starter
19174,Sim,Wed Jul 22 2026 13:35:49 GMT+0000 (Coordinated Universal Time),Glam,Attasoft
97181,Sim,Wed Jul 15 2026 20:02:58 GMT+0000 (Coordinated Universal Time),Susan Zheng,Starter
1823782,Sim,Thu Jul 16 2026 16:24:17 GMT+0000 (Coordinated Universal Time),Équilibrée,Starter
1562504,Não,Fri Feb 27 2026 17:08:00 GMT+0000 (Coordinated Universal Time),,
49033,Sim,Tue Jul 21 2026 09:49:49 GMT+0000 (Coordinated Universal Time),VESTIDOTECA,Vesti
658517,Sim,Sat Jul 18 2026 16:42:50 GMT+0000 (Coordinated Universal Time),Kerolen,Varejo Vesti
1955477,Não,Mon Mar 02 2026 16:19:24 GMT+0000 (Coordinated Universal Time),,
1151598,Sim,Wed Jul 29 2026 15:18:02 GMT+0000 (Coordinated Universal Time),Estação Fit,Vesti
1004911,Não,Sun May 31 2026 07:01:20 GMT+0000 (Coordinated Universal Time),Maite Miyao,Vesti
634986,Não,Tue Mar 03 2026 06:01:11 GMT+0000 (Coordinated Universal Time),Sandra Variedades,Varejo Vesti
474298,Não,Tue Mar 03 2026 06:01:11 GMT+0000 (Coordinated Universal Time),Elegant Modas,Varejo Vesti
1516158,Sim,Sun Aug 09 2026 15:03:23 GMT+0000 (Coordinated Universal Time),Anathia Store,Uemtel
1870805,Sim,Mon Mar 23 2026 20:51:05 GMT+0000 (Coordinated Universal Time),Doll Store,Starter
44710,Sim,Wed Mar 04 2026 14:01:06 GMT+0000 (Coordinated Universal Time),,
1688322,Sim,Wed Jul 22 2026 16:52:42 GMT+0000 (Coordinated Universal Time),AMIK MODAS,Uemtel
1350619,Não,Sun Aug 02 2026 07:00:49 GMT+0000 (Coordinated Universal Time),Laleskaa,Vesti
1509874,Sim,Mon Aug 03 2026 15:23:13 GMT+0000 (Coordinated Universal Time), Alarí Bolsas,Starter
1606559,Não,Fri Mar 06 2026 06:01:01 GMT+0000 (Coordinated Universal Time),ADM,Starter
1815610,Não,Fri Mar 06 2026 19:23:47 GMT+0000 (Coordinated Universal Time),,
1951082,Não,Fri Mar 06 2026 20:00:03 GMT+0000 (Coordinated Universal Time),,
723061,Não,Mon Mar 09 2026 11:22:58 GMT+0000 (Coordinated Universal Time),,
1584986,Não,Tue Mar 10 2026 06:00:59 GMT+0000 (Coordinated Universal Time),Chanari Confecções,Starter
1592879,Sim,Mon Aug 10 2026 15:12:48 GMT+0000 (Coordinated Universal Time),FERLU MODAS FEMININA,Starter
1768585,Não,Thu Mar 12 2026 06:00:57 GMT+0000 (Coordinated Universal Time),Stephan Bai,Starter
268016,Não,Tue Jun 30 2026 16:55:53 GMT+0000 (Coordinated Universal Time),,
1771919,Não,Sat Mar 14 2026 06:00:57 GMT+0000 (Coordinated Universal Time),Amarildo Camilo,Starter
1903593,Não,Mon Apr 13 2026 15:16:56 GMT+0000 (Coordinated Universal Time),Dama Jeans,Vesti
6308,Não,Mon Mar 16 2026 14:52:13 GMT+0000 (Coordinated Universal Time),,
1933943,Sim,Tue Aug 04 2026 16:43:05 GMT+0000 (Coordinated Universal Time),Miyu Modas,Uemtel
1951437,Não,Tue Jul 28 2026 18:14:10 GMT+0000 (Coordinated Universal Time),Koya Modas,Uemtel
188095,Sim,Sat Jul 18 2026 16:44:55 GMT+0000 (Coordinated Universal Time),ALOICIA,Attasoft
1829977,Sim,Sat Jul 18 2026 16:44:55 GMT+0000 (Coordinated Universal Time),ALOICIA,Attasoft
1593235,Não,Thu Apr 16 2026 19:08:13 GMT+0000 (Coordinated Universal Time),,
1819670,Sim,Mon Jul 13 2026 16:52:02 GMT+0000 (Coordinated Universal Time),Fashion Noire,Vesti
70832,Sim,Tue Jul 28 2026 19:24:17 GMT+0000 (Coordinated Universal Time),Ana Gonçalves Tricot,Vesti
1538685,Não,Tue Mar 17 2026 19:52:09 GMT+0000 (Coordinated Universal Time),,
618541,Sim,Sat Aug 08 2026 09:11:49 GMT+0000 (Coordinated Universal Time),BE EIGHT,Vesti
1585132,Não,Wed Mar 18 2026 06:01:14 GMT+0000 (Coordinated Universal Time),Descubra Moda Masculina,Varejo Vesti
1590255,Não,Wed Apr 29 2026 06:00:58 GMT+0000 (Coordinated Universal Time),MODAS NJ ,Uemtel
721468,Não,Tue Mar 24 2026 12:48:56 GMT+0000 (Coordinated Universal Time),Renata Karine Barros de Araujo,Starter
313429,Sim,Tue May 19 2026 15:22:23 GMT+0000 (Coordinated Universal Time),Lenner Plus Size,Starter
1186697,Sim,Thu Jul 16 2026 16:34:58 GMT+0000 (Coordinated Universal Time),Drika Confeccoes,Vesti
1189766,Sim,Wed Jul 29 2026 20:19:06 GMT+0000 (Coordinated Universal Time),,
1825244,Sim,Fri Jul 17 2026 16:46:16 GMT+0000 (Coordinated Universal Time),MYYA FASHION,Starter
1941157,Não,Thu Jul 09 2026 12:36:04 GMT+0000 (Coordinated Universal Time),,
187172,Não,Tue Mar 24 2026 12:45:31 GMT+0000 (Coordinated Universal Time),,
1598815,Sim,Thu Jul 16 2026 13:14:08 GMT+0000 (Coordinated Universal Time),BECKY,Starter
451968,Sim,Wed Jul 15 2026 21:41:32 GMT+0000 (Coordinated Universal Time),Vila Sol,Vesti
782043,Não,Thu Mar 26 2026 06:01:08 GMT+0000 (Coordinated Universal Time),Stonewall,Starter
212253,Não,Thu Mar 26 2026 12:11:00 GMT+0000 (Coordinated Universal Time),,
1995905,Sim,Thu Mar 26 2026 13:57:38 GMT+0000 (Coordinated Universal Time),,
1169508,Sim,Fri Jul 17 2026 14:35:09 GMT+0000 (Coordinated Universal Time),Carla Simone Vieira Da Silva,Varejo Vesti
1820777,Não,Fri Mar 27 2026 18:40:26 GMT+0000 (Coordinated Universal Time),,
45618,Não,Tue Mar 31 2026 06:01:13 GMT+0000 (Coordinated Universal Time),BZ Concept,Vesti
960500,Não,Mon Apr 20 2026 15:47:46 GMT+0000 (Coordinated Universal Time),Lethicia Fashion,Vesti
842293,Sim,Fri Jul 31 2026 11:35:42 GMT+0000 (Coordinated Universal Time),Jay Jones,Vesti
1507904,Não,Wed Apr 15 2026 12:35:58 GMT+0000 (Coordinated Universal Time),Larissa Porto,Varejo Vesti
200758,Sim,Tue Mar 31 2026 19:12:45 GMT+0000 (Coordinated Universal Time),JJ Fashion,Attasoft
1841340,Não,Tue Mar 31 2026 17:32:32 GMT+0000 (Coordinated Universal Time),,
1613335,Não,Mon May 11 2026 06:00:57 GMT+0000 (Coordinated Universal Time),Bekymiro,Uemtel
1638472,Não,Wed Apr 01 2026 06:01:11 GMT+0000 (Coordinated Universal Time),Michely Santos,Varejo Vesti
993211,Sim,Sun Jul 26 2026 14:48:36 GMT+0000 (Coordinated Universal Time),Celer,Starter
1845194,Não,Wed Apr 01 2026 16:31:23 GMT+0000 (Coordinated Universal Time),,
1474971,Não,Wed Apr 01 2026 16:43:27 GMT+0000 (Coordinated Universal Time),,
1755293,Não,Wed Apr 01 2026 16:45:45 GMT+0000 (Coordinated Universal Time),,
202785,Sim,Thu Jul 02 2026 14:20:06 GMT+0000 (Coordinated Universal Time),,
186110,Sim,Wed Jul 01 2026 14:02:28 GMT+0000 (Coordinated Universal Time),,
1515442,Não,Mon May 11 2026 13:22:33 GMT+0000 (Coordinated Universal Time),,
1418487,Não,Tue Jul 14 2026 15:07:59 GMT+0000 (Coordinated Universal Time),Michelle Modas Filocolkema,Uemtel
1643270,Não,Wed Jun 24 2026 15:07:47 GMT+0000 (Coordinated Universal Time),Toda Linda,Starter
1101909,Sim,Fri Apr 10 2026 09:24:16 GMT+0000 (Coordinated Universal Time),Toque Secreto Lingerie,Vesti
55689,Não,Thu Apr 30 2026 18:50:10 GMT+0000 (Coordinated Universal Time),Rafa Brasil,Starter
1962583,Não,Thu Apr 09 2026 14:41:29 GMT+0000 (Coordinated Universal Time),,
1938407,Não,Thu Apr 09 2026 15:09:31 GMT+0000 (Coordinated Universal Time),,
1976447,Não,Tue Jul 14 2026 17:19:37 GMT+0000 (Coordinated Universal Time),Claribel Confecções,Uemtel
1803582,Sim,Wed Aug 05 2026 14:41:24 GMT+0000 (Coordinated Universal Time),BALBOA MODAS,Uemtel
1942327,Sim,Tue Jun 30 2026 18:41:33 GMT+0000 (Coordinated Universal Time),Grit Move,Vesti
1966282,Sim,Wed Aug 05 2026 14:21:52 GMT+0000 (Coordinated Universal Time),,
90681,Sim,Wed Aug 05 2026 14:21:36 GMT+0000 (Coordinated Universal Time),,
1968400,Sim,Wed Apr 22 2026 16:56:52 GMT+0000 (Coordinated Universal Time),,
1972797,Não,Thu Jul 16 2026 15:18:50 GMT+0000 (Coordinated Universal Time),,
1421098,Não,Fri Apr 10 2026 13:59:09 GMT+0000 (Coordinated Universal Time),,
1536375,Sim,Mon Jul 20 2026 23:10:18 GMT+0000 (Coordinated Universal Time),Sam Modas ,Uemtel
31752,Sim,Mon Apr 20 2026 18:14:18 GMT+0000 (Coordinated Universal Time),,
1885074,Sim,Sat Jul 18 2026 10:57:27 GMT+0000 (Coordinated Universal Time),Lusby Salas suyo,Starter
1213886,Sim,Wed Jul 15 2026 23:34:08 GMT+0000 (Coordinated Universal Time),Aero Summer,Vesti
918504,Não,Sat Aug 01 2026 07:00:51 GMT+0000 (Coordinated Universal Time),Gringa ,Vesti
1970706,Não,Tue Apr 14 2026 13:01:15 GMT+0000 (Coordinated Universal Time),,
1646803,Sim,Mon Apr 20 2026 19:17:47 GMT+0000 (Coordinated Universal Time),Pietra Confecções,Vesti
1618300,Não,Tue Apr 14 2026 14:23:52 GMT+0000 (Coordinated Universal Time),,
1957538,Sim,Wed Aug 12 2026 20:27:34 GMT+0000 (Coordinated Universal Time),Ilse Modas,Starter
1715844,Não,Fri May 08 2026 20:05:44 GMT+0000 (Coordinated Universal Time),ZOEK FASHION,Starter
809980,Sim,Wed Jul 15 2026 19:23:10 GMT+0000 (Coordinated Universal Time),Maria Chica Brás,Vesti
1952423,Não,Fri Apr 17 2026 06:01:08 GMT+0000 (Coordinated Universal Time),Mariza da Silva Valeriano de Oliveira,Starter
157680,Sim,Tue Aug 11 2026 10:39:14 GMT+0000 (Coordinated Universal Time),Le Ricard,Vesti
1527494,Sim,Mon Aug 10 2026 17:11:53 GMT+0000 (Coordinated Universal Time), Nicky Modas,Uemtel
479020,Sim,Wed Apr 29 2026 19:10:03 GMT+0000 (Coordinated Universal Time),Upper Concept,Vesti
1733,Sim,Fri Jul 17 2026 19:20:42 GMT+0000 (Coordinated Universal Time),TNW Jeans,Vesti
347376,Sim,Tue Jul 21 2026 19:14:21 GMT+0000 (Coordinated Universal Time),Apoá,Vesti
11076,Sim,Thu Jul 16 2026 09:22:34 GMT+0000 (Coordinated Universal Time),Evian,Attasoft
166026,Sim,Tue Jul 21 2026 09:28:11 GMT+0000 (Coordinated Universal Time),Barraca do Willinha,Vesti
1409509,Sim,Sat Jul 18 2026 09:17:35 GMT+0000 (Coordinated Universal Time),Penssy Rodeo,Vesti
1036740,Sim,Mon Jul 20 2026 20:12:05 GMT+0000 (Coordinated Universal Time),Spot Shoes,Vesti
488377,Sim,Fri Jul 17 2026 19:03:39 GMT+0000 (Coordinated Universal Time),Mosaique,Vesti
190250,Sim,Fri Jul 17 2026 09:16:22 GMT+0000 (Coordinated Universal Time),Koum,Vesti
1790137,Sim,Mon Jul 20 2026 19:29:32 GMT+0000 (Coordinated Universal Time),CAMBORIU,Vesti
155657,Sim,Mon Jul 20 2026 19:20:26 GMT+0000 (Coordinated Universal Time),Lorsa,Vesti
334983,Sim,Fri Jul 17 2026 19:19:57 GMT+0000 (Coordinated Universal Time),Vip Fashion,Vesti
155660,Sim,Tue Jul 21 2026 19:08:26 GMT+0000 (Coordinated Universal Time),Equivoco,Vesti
159670,Sim,Fri Jun 05 2026 20:13:38 GMT+0000 (Coordinated Universal Time),Kaessi,Vesti
240758,Sim,Thu Jul 16 2026 09:33:21 GMT+0000 (Coordinated Universal Time),Donna Da Lua ,Vesti
1626367,Sim,Wed Aug 05 2026 16:25:43 GMT+0000 (Coordinated Universal Time),Modas Wasafdy,Uemtel
646683,Sim,Sat Jul 18 2026 14:02:47 GMT+0000 (Coordinated Universal Time),Gabyanna,Vesti
1571077,Sim,Tue Jul 28 2026 23:07:47 GMT+0000 (Coordinated Universal Time),Gilkai Modas,Vesti
1977096,Não,Thu Jul 16 2026 07:00:50 GMT+0000 (Coordinated Universal Time),Modas Shemyl & Hanna,Uemtel
549482,Sim,Tue Jul 21 2026 09:41:59 GMT+0000 (Coordinated Universal Time),Valentins Fashion,Vesti
158011,Sim,Mon Jul 20 2026 20:24:02 GMT+0000 (Coordinated Universal Time),Bokeh,Attasoft
8,Sim,Thu Aug 06 2026 19:16:16 GMT+0000 (Coordinated Universal Time),Groovy Forever,Vesti
800984,Sim,Wed Jul 22 2026 19:13:52 GMT+0000 (Coordinated Universal Time),Yunico,Starter
218051,Sim,Mon Jul 20 2026 19:14:04 GMT+0000 (Coordinated Universal Time),Elae,Attasoft
128065,Sim,Mon Jul 20 2026 20:22:29 GMT+0000 (Coordinated Universal Time),Alpelo ,Vesti
447027,Não,Tue Jul 07 2026 14:16:30 GMT+0000 (Coordinated Universal Time),D LIONS,Vesti
146795,Sim,Tue Jul 21 2026 09:49:05 GMT+0000 (Coordinated Universal Time),Vitral,Attasoft
34017,Sim,Mon Jul 20 2026 19:59:42 GMT+0000 (Coordinated Universal Time),Mottive,Vesti
1859835,Sim,Fri Jul 24 2026 17:08:19 GMT+0000 (Coordinated Universal Time),Believe jeans,Starter
317744,Sim,Mon Jul 20 2026 20:21:30 GMT+0000 (Coordinated Universal Time),Trimix,Vesti
184224,Sim,Mon Jul 20 2026 19:44:59 GMT+0000 (Coordinated Universal Time),Plump,Attasoft
810439,Sim,Mon Jul 20 2026 20:05:18 GMT+0000 (Coordinated Universal Time),Maria Chica,Vesti
185643,Sim,Mon Jul 20 2026 20:18:51 GMT+0000 (Coordinated Universal Time),Gule Gule,Vesti
632540,Sim,Wed Jul 22 2026 19:10:33 GMT+0000 (Coordinated Universal Time),Trama Jeans,Attasoft
1562486,Sim,Thu Jul 16 2026 16:45:12 GMT+0000 (Coordinated Universal Time),Asha Plus,Starter
1516172,Sim,Tue Jul 21 2026 09:38:16 GMT+0000 (Coordinated Universal Time),Mixxon,Vesti
1516190,Sim,Tue Jul 21 2026 09:38:16 GMT+0000 (Coordinated Universal Time),Muna,Vesti
63490,Sim,Mon Jul 20 2026 20:09:46 GMT+0000 (Coordinated Universal Time),Doce Dança,Attasoft
119722,Sim,Tue Jul 21 2026 09:48:46 GMT+0000 (Coordinated Universal Time),Hanabee,Attasoft
968033,Sim,Mon Jul 20 2026 19:11:11 GMT+0000 (Coordinated Universal Time),Ankor Design,Vesti
1272421,Sim,Thu Jul 30 2026 17:49:52 GMT+0000 (Coordinated Universal Time),Kelly Rodrigues Store​,Vesti
74171,Sim,Mon Jul 20 2026 19:54:49 GMT+0000 (Coordinated Universal Time),MX Fashion,Attasoft
2602,Sim,Mon Jul 20 2026 19:15:37 GMT+0000 (Coordinated Universal Time),Manacá,Vesti
1250065,Sim,Mon Jul 20 2026 19:02:43 GMT+0000 (Coordinated Universal Time), Peran Jeans,Vesti
1542336,Sim,Wed Aug 05 2026 16:10:13 GMT+0000 (Coordinated Universal Time),Cruz Modas,Uemtel
16265,Sim,Tue Jul 21 2026 09:50:37 GMT+0000 (Coordinated Universal Time),Fama Fashion ,Attasoft
1370866,Sim,Mon Jul 20 2026 19:23:55 GMT+0000 (Coordinated Universal Time),Izus Jeans,Vesti
1643381,Sim,Thu Jul 23 2026 19:05:22 GMT+0000 (Coordinated Universal Time),Ave Rara,Vesti
612832,Sim,Tue Jul 21 2026 10:05:14 GMT+0000 (Coordinated Universal Time),Yoo Moda Grande,Starter
166943,Sim,Mon Jul 20 2026 19:18:06 GMT+0000 (Coordinated Universal Time),Bem Me Quer,Attasoft
26986,Sim,Wed Jul 22 2026 09:16:41 GMT+0000 (Coordinated Universal Time),Coinage,Attasoft
1299419,Sim,Tue Jul 21 2026 09:26:57 GMT+0000 (Coordinated Universal Time),LM Dream Shop,Attasoft
178797,Sim,Mon Jul 20 2026 19:54:18 GMT+0000 (Coordinated Universal Time),Yegrin Modas,Attasoft
409876,Sim,Mon Jul 27 2026 19:13:32 GMT+0000 (Coordinated Universal Time),Andirá Jeans,Vesti
292554,Sim,Tue Jul 21 2026 09:41:56 GMT+0000 (Coordinated Universal Time),Melove,Vesti
42652,Sim,Tue Jul 21 2026 10:11:29 GMT+0000 (Coordinated Universal Time),PIANETA,Vesti
754709,Sim,Tue Jul 21 2026 09:09:14 GMT+0000 (Coordinated Universal Time),CÓDIGO ZERO,Vesti
1275581,Sim,Mon Jul 20 2026 14:18:55 GMT+0000 (Coordinated Universal Time),Magda Fitness Filial,N/A
187505,Sim,Wed Aug 12 2026 09:07:57 GMT+0000 (Coordinated Universal Time),Villa Forte Jeans,Vesti
94995,Sim,Wed Aug 12 2026 09:08:46 GMT+0000 (Coordinated Universal Time),Gliss Jeans,Starter
103213,Sim,Wed Aug 12 2026 09:26:40 GMT+0000 (Coordinated Universal Time),LOV. IT.,Attasoft
130927,Sim,Wed Aug 12 2026 09:30:01 GMT+0000 (Coordinated Universal Time),Sexy Cookie,Attasoft
139781,Sim,Wed Aug 12 2026 09:22:48 GMT+0000 (Coordinated Universal Time),Coqueta,Attasoft
324397,Sim,Tue Aug 11 2026 19:30:50 GMT+0000 (Coordinated Universal Time),Cauípe Moda Praia,Starter
41496,Sim,Tue Aug 11 2026 19:16:31 GMT+0000 (Coordinated Universal Time),Anemone,Vesti
119716,Sim,Tue Aug 11 2026 19:31:24 GMT+0000 (Coordinated Universal Time),Kalli,Attasoft
812626,Sim,Wed Aug 12 2026 09:23:04 GMT+0000 (Coordinated Universal Time),Menina Gata,Vesti
1579693,Sim,Mon Jul 27 2026 13:25:44 GMT+0000 (Coordinated Universal Time),Confecções Abel Modas,Starter
1416343,Sim,Wed Aug 12 2026 09:19:18 GMT+0000 (Coordinated Universal Time),Aurore Clothing,Vesti
28810,Sim,Tue Jul 21 2026 09:28:44 GMT+0000 (Coordinated Universal Time),Shanes,Attasoft
27862,Não,Wed Apr 22 2026 17:21:19 GMT+0000 (Coordinated Universal Time),,
548863,Sim,Tue Jul 21 2026 09:21:37 GMT+0000 (Coordinated Universal Time),John Cunningham,Vesti
1439966,Sim,Thu Jul 30 2026 16:36:54 GMT+0000 (Coordinated Universal Time),Liberô Style,Starter
182668,Sim,Wed Jul 22 2026 16:52:41 GMT+0000 (Coordinated Universal Time),Blue Beni,Attasoft
1549609,Sim,Wed Jul 22 2026 16:36:17 GMT+0000 (Coordinated Universal Time),Mattos Wear,Starter
135576,Sim,Fri Jul 17 2026 19:12:47 GMT+0000 (Coordinated Universal Time),BYZ Premium,Vesti
1409936,Sim,Wed Jul 22 2026 19:13:07 GMT+0000 (Coordinated Universal Time),Ana Gonçalves Homologação Bling,Vesti
982907,Sim,Tue Jul 21 2026 19:08:24 GMT+0000 (Coordinated Universal Time),Cambos Jeans,Vesti
129809,Sim,Wed Jul 22 2026 19:05:52 GMT+0000 (Coordinated Universal Time),SAUÊ,Vesti
125361,Sim,Tue Aug 11 2026 09:15:13 GMT+0000 (Coordinated Universal Time),Caroll Collection,Attasoft
33995,Sim,Wed Jul 22 2026 19:09:46 GMT+0000 (Coordinated Universal Time),Chess,Attasoft
1544822,Sim,Tue Jul 21 2026 10:08:27 GMT+0000 (Coordinated Universal Time),Biotipo,Vesti
40672,Sim,Wed Jul 22 2026 19:02:45 GMT+0000 (Coordinated Universal Time),Nakepe,Attasoft
52771,Sim,Tue Jul 21 2026 19:19:40 GMT+0000 (Coordinated Universal Time),Per Pochi,Vesti
383850,Sim,Tue Jul 21 2026 19:13:25 GMT+0000 (Coordinated Universal Time),Mais Moda,Starter
1794536,Sim,Mon Jul 27 2026 14:13:07 GMT+0000 (Coordinated Universal Time),VALDIRENE CONSELHO,Starter
1832603,Sim,Thu Jul 23 2026 19:11:37 GMT+0000 (Coordinated Universal Time),Dona Charme,Vesti
1574022,Sim,Tue Jul 21 2026 19:08:09 GMT+0000 (Coordinated Universal Time),Lemier,Vesti
1638871,Sim,Sun May 31 2026 15:27:08 GMT+0000 (Coordinated Universal Time),Modas Keyla,Uemtel
207981,Não,Wed Apr 22 2026 20:16:13 GMT+0000 (Coordinated Universal Time),,
1752367,Sim,Fri Jul 17 2026 14:59:41 GMT+0000 (Coordinated Universal Time),Brithamel Modas,Uemtel
940943,Sim,Tue Jul 21 2026 10:06:12 GMT+0000 (Coordinated Universal Time),SunWeek,Vesti
1782727,Não,Thu Apr 23 2026 06:01:02 GMT+0000 (Coordinated Universal Time),Adson Souza,Starter
1396265,Sim,Wed Aug 12 2026 19:25:52 GMT+0000 (Coordinated Universal Time),JL Modas,Varejo Vesti
1628897,Sim,Tue Jul 14 2026 20:23:56 GMT+0000 (Coordinated Universal Time),Vivielle ,Uemtel
757564,Sim,Thu Jul 23 2026 09:12:43 GMT+0000 (Coordinated Universal Time),Dadric Jeans ,Attasoft
828876,Sim,Thu Jul 23 2026 09:16:34 GMT+0000 (Coordinated Universal Time),Boise,Vesti
1805647,Sim,Mon Jul 27 2026 19:27:15 GMT+0000 (Coordinated Universal Time),CVL Moda,Vesti
878111,Sim,Wed Jul 22 2026 19:08:58 GMT+0000 (Coordinated Universal Time),Lucibella Modas,Vesti
141380,Sim,Tue Aug 11 2026 10:22:50 GMT+0000 (Coordinated Universal Time),TEE Fashion,Vesti
683519,Sim,Wed Jul 22 2026 09:14:23 GMT+0000 (Coordinated Universal Time),Boladinhos Kids,Vesti
1794660,Sim,Wed Jul 22 2026 19:05:24 GMT+0000 (Coordinated Universal Time),Pijamas Lua Cheia,Vesti
501774,Sim,Thu Jul 23 2026 09:12:07 GMT+0000 (Coordinated Universal Time),Larosy,Starter
661636,Sim,Mon Jul 20 2026 22:43:08 GMT+0000 (Coordinated Universal Time),Exinia,Vesti
613719,Sim,Thu Apr 23 2026 17:37:21 GMT+0000 (Coordinated Universal Time),Gowara,Starter
407318,Sim,Mon Jul 20 2026 14:00:59 GMT+0000 (Coordinated Universal Time),Patmos,Vesti
1234816,Sim,Mon Jul 20 2026 20:12:36 GMT+0000 (Coordinated Universal Time), Tango Fantasias,Vesti
1983724,Não,Fri Apr 24 2026 06:00:57 GMT+0000 (Coordinated Universal Time),MARIELA GABY COYAURI CONTRERAS,Starter
619424,Sim,Thu Jul 23 2026 09:12:21 GMT+0000 (Coordinated Universal Time),Fabrício ,Vesti
89039,Sim,Fri Jul 24 2026 13:18:46 GMT+0000 (Coordinated Universal Time),PRIMICIA CONFECCOES,Vesti
34044,Sim,Fri Apr 24 2026 14:21:12 GMT+0000 (Coordinated Universal Time),NEW MIRE AVIAMENTOS ,Starter
1433423,Sim,Fri Jul 31 2026 14:08:03 GMT+0000 (Coordinated Universal Time),Ary Fashions Femininas,Uemtel
1201385,Sim,Tue Jul 21 2026 18:26:41 GMT+0000 (Coordinated Universal Time),Florita,Vesti
1278841,Sim,Mon Jul 27 2026 19:35:04 GMT+0000 (Coordinated Universal Time),Badocky,Vesti
1017092,Sim,Mon Jul 27 2026 19:32:43 GMT+0000 (Coordinated Universal Time),IMAGIVAN,Vesti
1520391,Sim,Fri Jul 24 2026 19:20:35 GMT+0000 (Coordinated Universal Time),PCA Moda Masculina,Vesti
1597341,Sim,Fri Jul 24 2026 16:37:00 GMT+0000 (Coordinated Universal Time),Escalante Acessórios,Starter
402982,Sim,Thu Jul 30 2026 18:04:33 GMT+0000 (Coordinated Universal Time),Refúgio Modas,Vesti
184107,Sim,Mon Jul 27 2026 19:21:43 GMT+0000 (Coordinated Universal Time),Show Me,Attasoft
507204,Sim,Sat Jul 25 2026 09:06:46 GMT+0000 (Coordinated Universal Time),Casualli,Starter
376753,Sim,Wed Jul 15 2026 19:13:54 GMT+0000 (Coordinated Universal Time),Issexy Treinamento  ,Vesti
33173,Não,Sun Jul 26 2026 07:00:59 GMT+0000 (Coordinated Universal Time),Hemix,Attasoft
1637938,Sim,Fri Jul 10 2026 11:42:16 GMT+0000 (Coordinated Universal Time), SN Acessórios,Vesti
1214599,Sim,Tue Jul 28 2026 16:47:43 GMT+0000 (Coordinated Universal Time),Nadri,Starter
521558,Sim,Fri Jul 31 2026 14:15:48 GMT+0000 (Coordinated Universal Time),Adoratta Noivas & Festas,Vesti
1653039,Sim,Sat Jul 25 2026 19:54:48 GMT+0000 (Coordinated Universal Time),T-Shirts Fashion,Uemtel
1433479,Sim,Mon Jul 27 2026 14:40:04 GMT+0000 (Coordinated Universal Time),Full Stop,Starter
1407156,Sim,Mon Jul 27 2026 14:40:04 GMT+0000 (Coordinated Universal Time),VIROU MODA,Starter
1649216,Sim,Tue Jul 28 2026 09:14:50 GMT+0000 (Coordinated Universal Time),Rekim,Vesti
1982744,Sim,Mon Jul 27 2026 13:19:19 GMT+0000 (Coordinated Universal Time),Max Acessórios Brás,Starter
1997801,Não,Tue Jun 30 2026 16:55:07 GMT+0000 (Coordinated Universal Time),,
317136,Sim,Mon Jul 27 2026 19:53:14 GMT+0000 (Coordinated Universal Time),Carmila Moda,Vesti
728141,Sim,Mon Jul 27 2026 19:05:54 GMT+0000 (Coordinated Universal Time),Magnólia Lingerie,Vesti
712379,Sim,Mon Jul 27 2026 19:41:05 GMT+0000 (Coordinated Universal Time),Jeans & Peptuchy,Vesti
1011737,Sim,Sat Aug 01 2026 09:07:55 GMT+0000 (Coordinated Universal Time),Vida Marinha Atacado ,Vesti
15266,Sim,Mon Jul 27 2026 19:49:01 GMT+0000 (Coordinated Universal Time),Rosa Fina,Vesti
17511,Sim,Fri Jul 24 2026 19:17:21 GMT+0000 (Coordinated Universal Time),Look Hill,Attasoft
1024333,Sim,Mon Jul 27 2026 19:33:23 GMT+0000 (Coordinated Universal Time),Kauly,Vesti
53378,Sim,Mon Jul 27 2026 15:11:20 GMT+0000 (Coordinated Universal Time),Scera,Attasoft
1444355,Sim,Thu Jul 23 2026 09:12:21 GMT+0000 (Coordinated Universal Time),Arte DVestir,Vesti
156781,Sim,Thu Jul 30 2026 09:08:10 GMT+0000 (Coordinated Universal Time),LARAS MODA FITNESS,Vesti
1431828,Sim,Tue Jul 28 2026 09:26:21 GMT+0000 (Coordinated Universal Time),Volpy Girls,Vesti
1232863,Sim,Tue Aug 04 2026 09:12:04 GMT+0000 (Coordinated Universal Time),Califor,Vesti
1607402,Sim,Tue Jul 21 2026 18:24:28 GMT+0000 (Coordinated Universal Time),J&Ms Modas,Uemtel
46480,Sim,Fri Jul 17 2026 16:31:50 GMT+0000 (Coordinated Universal Time),Aurami ,Ve Vantagens
1030215,Sim,Tue Jul 28 2026 09:30:05 GMT+0000 (Coordinated Universal Time),Balum Baby,Vesti
323816,Sim,Mon Jul 27 2026 19:27:39 GMT+0000 (Coordinated Universal Time),Amore,Attasoft
1375391,Sim,Tue Jul 28 2026 09:04:56 GMT+0000 (Coordinated Universal Time),Charisma,Vesti
1737241,Sim,Tue Jul 28 2026 09:04:56 GMT+0000 (Coordinated Universal Time),CHARISMA - SOMENTE VESTIPAGO,Vesti
60671,Sim,Wed Jul 29 2026 09:07:24 GMT+0000 (Coordinated Universal Time),Join Curves,Vesti
13160,Sim,Tue Jul 28 2026 09:34:58 GMT+0000 (Coordinated Universal Time),Amofany,Vesti
831661,Sim,Tue Jul 28 2026 09:24:35 GMT+0000 (Coordinated Universal Time),K- OFFICIAL JEANS,Vesti
1143861,Sim,Tue Jul 28 2026 19:28:31 GMT+0000 (Coordinated Universal Time), Lolly Polly,Vesti
441578,Sim,Tue Jul 28 2026 21:43:12 GMT+0000 (Coordinated Universal Time),Ópera Kids,Vesti
801890,Sim,Fri Jul 24 2026 09:13:01 GMT+0000 (Coordinated Universal Time),ALELLA CONFECCOES,Starter
1468945,Sim,Mon Jul 27 2026 19:52:32 GMT+0000 (Coordinated Universal Time),Kativeiro Jeans,Vesti
1170555,Sim,Tue Jul 28 2026 19:27:07 GMT+0000 (Coordinated Universal Time),Camerata,Vesti
125339,Sim,Wed Jul 29 2026 09:07:47 GMT+0000 (Coordinated Universal Time),Optimist Jeans,Vesti
1178586,Sim,Tue Jul 28 2026 19:27:54 GMT+0000 (Coordinated Universal Time),Mafia Fitness,Vesti
38651,Sim,Tue Jul 28 2026 19:17:38 GMT+0000 (Coordinated Universal Time),Incentive,Attasoft
1733207,Não,Wed Apr 29 2026 16:36:59 GMT+0000 (Coordinated Universal Time),SIEG SPORTS,Vesti
1407398,Sim,Wed Jul 29 2026 09:17:02 GMT+0000 (Coordinated Universal Time),RCR Original Clothing,Vesti
67022,Sim,Wed Jul 29 2026 09:02:48 GMT+0000 (Coordinated Universal Time),Gabifit,Attasoft
758201,Sim,Fri Aug 07 2026 09:25:48 GMT+0000 (Coordinated Universal Time),Trama Villon,Vesti
38,Sim,Tue Jul 28 2026 19:13:46 GMT+0000 (Coordinated Universal Time),Mokkai Jeans,Vesti
693434,Sim,Fri Jul 31 2026 09:13:56 GMT+0000 (Coordinated Universal Time),Masmah,Vesti
1589574,Não,Thu Jun 11 2026 19:16:38 GMT+0000 (Coordinated Universal Time),LILALIZ,Vesti
34354,Sim,Tue Jul 28 2026 09:31:21 GMT+0000 (Coordinated Universal Time),Skenn,Vesti
1520847,Sim,Tue Jul 21 2026 09:53:42 GMT+0000 (Coordinated Universal Time),Eagle Rock,Vesti
1475141,Sim,Wed Apr 29 2026 11:51:03 GMT+0000 (Coordinated Universal Time),,
1524895,Sim,Mon Jul 20 2026 16:53:19 GMT+0000 (Coordinated Universal Time),Modas GMF,Vesti
919123,Não,Wed Apr 29 2026 16:25:51 GMT+0000 (Coordinated Universal Time),,
1444306,Não,Wed Apr 29 2026 16:27:39 GMT+0000 (Coordinated Universal Time),,
1245140,Sim,Wed Apr 29 2026 21:02:59 GMT+0000 (Coordinated Universal Time),Califor,Vesti
353273,Sim,Mon Aug 03 2026 18:24:30 GMT+0000 (Coordinated Universal Time),Flô Maria,Starter
3277,Sim,Tue Jul 07 2026 15:11:34 GMT+0000 (Coordinated Universal Time),,
236945,Sim,Mon Jul 13 2026 19:33:01 GMT+0000 (Coordinated Universal Time),,
957264,Sim,Tue Jul 28 2026 09:35:05 GMT+0000 (Coordinated Universal Time),Teaser,Vesti
261508,Sim,Sat Aug 01 2026 09:07:44 GMT+0000 (Coordinated Universal Time),Gitaa,Vesti
1836798,Não,Fri Aug 07 2026 07:00:48 GMT+0000 (Coordinated Universal Time),Carla Rosângela da Silva,Starter
1293811,Não,Thu Apr 30 2026 18:44:47 GMT+0000 (Coordinated Universal Time),,
1746256,Sim,Mon Aug 10 2026 15:16:37 GMT+0000 (Coordinated Universal Time),RERY,Vesti
1524639,Sim,Wed Jul 29 2026 16:20:00 GMT+0000 (Coordinated Universal Time),Tropical Colors,Uemtel
1504504,Não,Fri May 01 2026 06:01:03 GMT+0000 (Coordinated Universal Time),Jonatas,Varejo Vesti
1434710,Sim,Wed Jul 29 2026 09:07:37 GMT+0000 (Coordinated Universal Time),Vout,Vesti
184076,Sim,Mon Aug 03 2026 18:32:01 GMT+0000 (Coordinated Universal Time),Chaville,Attasoft
89170,Sim,Wed Jul 15 2026 19:54:54 GMT+0000 (Coordinated Universal Time),Sedanbi,Attasoft
1258736,Sim,Mon Aug 10 2026 12:36:15 GMT+0000 (Coordinated Universal Time),JOSH MENSWEAR,Vesti
567903,Sim,Mon Aug 10 2026 19:13:37 GMT+0000 (Coordinated Universal Time),Nono Modas,Vesti
928822,Sim,Tue Aug 04 2026 19:11:03 GMT+0000 (Coordinated Universal Time),ART E COR,Vesti
161072,Sim,Wed Aug 05 2026 20:12:54 GMT+0000 (Coordinated Universal Time),Lupim Camisaria,Starter
125472,Sim,Mon Aug 03 2026 19:23:43 GMT+0000 (Coordinated Universal Time),Ste Fashion,Attasoft
465050,Não,Tue May 05 2026 06:01:01 GMT+0000 (Coordinated Universal Time),Ayanne Moura ,Varejo Vesti
1040413,Sim,Fri Jul 24 2026 15:41:44 GMT+0000 (Coordinated Universal Time),J&R Modas Feminina,Vesti
1090412,Sim,Wed Aug 05 2026 19:27:07 GMT+0000 (Coordinated Universal Time),Bela Gaia,Vesti
1300009,Sim,Mon Aug 03 2026 19:36:09 GMT+0000 (Coordinated Universal Time),Zero Confecções,Vesti
29266,Sim,Tue Jun 02 2026 09:17:26 GMT+0000 (Coordinated Universal Time),MILVEST,Attasoft
65652,Sim,Thu Aug 06 2026 19:21:49 GMT+0000 (Coordinated Universal Time),Nova Versão Roupas,Vesti
762147,Não,Mon Jul 20 2026 18:51:18 GMT+0000 (Coordinated Universal Time),AF MAN & WOMAN,Vesti
50269,Sim,Sat Aug 01 2026 09:18:15 GMT+0000 (Coordinated Universal Time),Lesto,Vesti
1279276,Sim,Wed Aug 05 2026 21:50:47 GMT+0000 (Coordinated Universal Time),MAMANI,Vesti
629282,Sim,Fri Jul 31 2026 09:28:41 GMT+0000 (Coordinated Universal Time),FB Exclusive CO,Vesti
130315,Sim,Tue Aug 11 2026 10:34:28 GMT+0000 (Coordinated Universal Time),Ezee,Attasoft
54397,Sim,Wed Aug 05 2026 19:06:32 GMT+0000 (Coordinated Universal Time),FPM Blue,Attasoft
1240668,Sim,Mon Jul 06 2026 17:36:12 GMT+0000 (Coordinated Universal Time),Marcelo Medeiros,Vesti
1353995,Não,Thu May 07 2026 06:00:56 GMT+0000 (Coordinated Universal Time),Agridoce,Starter
139874,Sim,Mon Jul 13 2026 19:04:59 GMT+0000 (Coordinated Universal Time),Peri Plus Size,Starter
1241282,Sim,Thu Aug 06 2026 19:31:23 GMT+0000 (Coordinated Universal Time),Diva Donna,Vesti
368683,Sim,Tue Aug 11 2026 09:45:52 GMT+0000 (Coordinated Universal Time),Pieta,Vesti
1281451,Sim,Fri Aug 07 2026 09:31:47 GMT+0000 (Coordinated Universal Time),Misalta,Vesti
1529280,Sim,Sat Aug 08 2026 09:17:31 GMT+0000 (Coordinated Universal Time),Petit Enfant,Vesti
22891,Sim,Fri Jul 17 2026 09:18:54 GMT+0000 (Coordinated Universal Time),Moda Inn,Attasoft
1294689,Sim,Thu Aug 06 2026 22:17:04 GMT+0000 (Coordinated Universal Time),FABIO GUERRA EVENTOS,Starter
1529298,Sim,Fri Aug 07 2026 09:53:51 GMT+0000 (Coordinated Universal Time),Fascínius,Vesti
1531274,Sim,Fri Aug 07 2026 19:29:12 GMT+0000 (Coordinated Universal Time),HELOH DANGELIS,Vesti
12963,Sim,Sat Aug 08 2026 09:43:21 GMT+0000 (Coordinated Universal Time),Que Coisa Linda Oficial,Vesti
1582558,Sim,Thu Aug 06 2026 19:49:17 GMT+0000 (Coordinated Universal Time),NN ATACADOS LTDA,Vesti
1705224,Sim,Mon Aug 10 2026 19:55:40 GMT+0000 (Coordinated Universal Time),PUSCO,Vesti
1606915,Sim,Mon Aug 10 2026 19:17:52 GMT+0000 (Coordinated Universal Time),SUB WAY FASHION,Attasoft
1369120,Sim,Thu Aug 06 2026 14:03:05 GMT+0000 (Coordinated Universal Time),RCA Flores,Uemtel
13337,Sim,Fri Jul 31 2026 09:28:20 GMT+0000 (Coordinated Universal Time),Caju Brasil,Vesti
48202,Sim,Wed Jul 08 2026 19:37:51 GMT+0000 (Coordinated Universal Time),Mazarin,Attasoft
1220707,Sim,Mon Aug 10 2026 16:26:45 GMT+0000 (Coordinated Universal Time),Sensual Fetiche,Vesti
1480880,Sim,Mon Aug 10 2026 13:52:18 GMT+0000 (Coordinated Universal Time),S.E Moda,Vesti
856802,Sim,Mon Jul 13 2026 11:55:47 GMT+0000 (Coordinated Universal Time),KARAL,Starter
1444714,Sim,Fri Jul 10 2026 17:21:17 GMT+0000 (Coordinated Universal Time),ThreeSix 3/6,Starter
1391220,Sim,Tue Jul 14 2026 14:17:29 GMT+0000 (Coordinated Universal Time),Little Star,Vesti
1114354,Sim,Mon Aug 10 2026 09:38:09 GMT+0000 (Coordinated Universal Time),SML Modas,Vesti
1266888,Sim,Tue Aug 11 2026 20:52:14 GMT+0000 (Coordinated Universal Time),Aline Confecções,Starter
650272,Sim,Fri Jul 10 2026 17:04:38 GMT+0000 (Coordinated Universal Time),Jazz Plus ,Starter
1707653,Sim,Tue Aug 11 2026 10:46:34 GMT+0000 (Coordinated Universal Time),MARBELLA ATACADISTA,Vesti
230413,Sim,Tue Aug 11 2026 19:10:51 GMT+0000 (Coordinated Universal Time),Benesh,Vesti
917059,Sim,Mon Aug 10 2026 19:18:06 GMT+0000 (Coordinated Universal Time),Bella Donna Moda Bras,Vesti
1067286,Sim,Tue Aug 11 2026 12:00:49 GMT+0000 (Coordinated Universal Time),Cintia.ca Modas,Uemtel
624129,Sim,Sat Jul 11 2026 09:07:16 GMT+0000 (Coordinated Universal Time),Estilo Coy,Vesti
152449,Sim,Tue Aug 11 2026 19:30:05 GMT+0000 (Coordinated Universal Time),Woo Line,Vesti
711696,Sim,Tue Aug 11 2026 19:21:32 GMT+0000 (Coordinated Universal Time),In Love Clothing,Vesti
1428685,Sim,Mon Aug 10 2026 21:11:10 GMT+0000 (Coordinated Universal Time),Lov Club,Vesti
1264967,Sim,Mon Aug 10 2026 21:11:10 GMT+0000 (Coordinated Universal Time),Okey Store e Lov Club,Vesti
446485,Sim,Mon Aug 10 2026 20:22:45 GMT+0000 (Coordinated Universal Time),ANDRE RJ,Vesti
51962,Sim,Tue Aug 11 2026 19:24:38 GMT+0000 (Coordinated Universal Time),Aramodu,Attasoft
97262,Sim,Mon Jul 13 2026 19:22:44 GMT+0000 (Coordinated Universal Time), TRINDADE,Attasoft
145163,Sim,Wed Jul 22 2026 19:06:33 GMT+0000 (Coordinated Universal Time),Mon Clos,Vesti
1944423,Sim,Mon Jul 13 2026 19:13:35 GMT+0000 (Coordinated Universal Time),Sanny Lingerie,Vesti
74170,Sim,Tue Jul 14 2026 09:21:23 GMT+0000 (Coordinated Universal Time),Delight,Attasoft
62332,Sim,Tue Aug 11 2026 19:27:39 GMT+0000 (Coordinated Universal Time),Dicollani,Vesti
115071,Sim,Tue Aug 11 2026 19:27:39 GMT+0000 (Coordinated Universal Time),Jeanseria,Vesti
2018359,Sim,Mon Aug 10 2026 19:57:48 GMT+0000 (Coordinated Universal Time),Divina Mulher ,Starter
170730,Sim,Tue Aug 11 2026 19:25:25 GMT+0000 (Coordinated Universal Time),Lemise,Attasoft
231324,Sim,Mon Jul 13 2026 19:07:08 GMT+0000 (Coordinated Universal Time),VN11,Attasoft
787879,Sim,Mon Jul 13 2026 19:43:10 GMT+0000 (Coordinated Universal Time),DJIELE MODA BEBÊ,Starter
965096,Sim,Mon Aug 10 2026 19:57:44 GMT+0000 (Coordinated Universal Time),Martt,Vesti
1316026,Sim,Tue Aug 11 2026 10:14:34 GMT+0000 (Coordinated Universal Time),P.A Concept,Vesti
1617476,Sim,Tue Aug 11 2026 19:04:56 GMT+0000 (Coordinated Universal Time),Consciência Jeans,Vesti
114647,Sim,Tue Aug 11 2026 09:58:52 GMT+0000 (Coordinated Universal Time),Vigor Basic,Vesti
53159,Sim,Tue Aug 04 2026 19:24:27 GMT+0000 (Coordinated Universal Time),It Look,Attasoft
35249,Sim,Wed Jul 15 2026 09:05:38 GMT+0000 (Coordinated Universal Time),Clio ,Attasoft
1005513,Sim,Wed Aug 12 2026 19:12:29 GMT+0000 (Coordinated Universal Time),Mireya Atacado2 ,Starter
157684,Sim,Thu Aug 13 2026 09:18:32 GMT+0000 (Coordinated Universal Time),Encantto Estilo,Vesti
44388,Sim,Thu Jul 16 2026 19:40:51 GMT+0000 (Coordinated Universal Time),Genesis Jeans,Attasoft
1536130,Não,Thu Jul 23 2026 07:00:49 GMT+0000 (Coordinated Universal Time),MFITGYN,Vesti
55092,Sim,Tue Aug 11 2026 19:35:00 GMT+0000 (Coordinated Universal Time),Cheers,Attasoft
338063,Sim,Tue Jul 14 2026 09:19:31 GMT+0000 (Coordinated Universal Time),Símbolo Fashion,Starter
1531346,Sim,Mon Jul 13 2026 16:39:57 GMT+0000 (Coordinated Universal Time),L.A Store,Trial
299410,Sim,Tue Aug 11 2026 19:29:20 GMT+0000 (Coordinated Universal Time),Bina Midsize,Varejo Vesti
243791,Sim,Fri Jul 10 2026 15:32:24 GMT+0000 (Coordinated Universal Time),Morena Charme,Vesti
1217203,Sim,Mon Jul 13 2026 19:39:42 GMT+0000 (Coordinated Universal Time),Gazzy,Starter
107524,Sim,Wed Jul 15 2026 19:56:07 GMT+0000 (Coordinated Universal Time),Sori,Attasoft
1672566,Sim,Mon Jul 13 2026 19:51:55 GMT+0000 (Coordinated Universal Time),STRANGER COMPANY,Vesti
218207,Sim,Wed Jul 15 2026 19:41:22 GMT+0000 (Coordinated Universal Time),Fesperamor,Attasoft
858226,Sim,Fri Jul 10 2026 20:17:00 GMT+0000 (Coordinated Universal Time),Niran Confeccoes ,Vesti
998275,Sim,Thu Jul 16 2026 09:58:40 GMT+0000 (Coordinated Universal Time),Rosie Lingerie,Vesti
139911,Sim,Wed Jul 15 2026 09:03:51 GMT+0000 (Coordinated Universal Time),Ju Modas,Attasoft
9040,Sim,Tue Jul 14 2026 19:26:54 GMT+0000 (Coordinated Universal Time),Rubicon Modas ,Attasoft
16653,Sim,Wed Jul 15 2026 09:12:26 GMT+0000 (Coordinated Universal Time),Kaylane Naybe,Vesti
107077,Sim,Thu May 14 2026 19:26:06 GMT+0000 (Coordinated Universal Time),Sawary Jeans,Vesti
1396883,Não,Thu May 14 2026 19:27:18 GMT+0000 (Coordinated Universal Time),,
1866071,Não,Thu May 14 2026 19:29:08 GMT+0000 (Coordinated Universal Time),,
629265,Não,Thu May 14 2026 19:35:50 GMT+0000 (Coordinated Universal Time),,
1511409,Sim,Thu May 14 2026 19:44:03 GMT+0000 (Coordinated Universal Time),Savannah Brand,Starter
606820,Sim,Tue Jul 21 2026 09:57:12 GMT+0000 (Coordinated Universal Time),Other Girls,Vesti
26864,Sim,Wed Jul 15 2026 20:12:23 GMT+0000 (Coordinated Universal Time),MACLAGEN,Starter
6528,Sim,Fri Jul 17 2026 19:12:00 GMT+0000 (Coordinated Universal Time),Ssang Bang Wool,Attasoft
67489,Sim,Tue Jul 14 2026 09:14:29 GMT+0000 (Coordinated Universal Time),Lily Daisy,Attasoft
1080025,Sim,Tue Jul 14 2026 19:16:30 GMT+0000 (Coordinated Universal Time),BOLOVO,Vesti
481124,Sim,Wed Jul 08 2026 19:27:05 GMT+0000 (Coordinated Universal Time),Vintage Style,Vesti
1986877,Sim,Thu Jul 16 2026 14:57:42 GMT+0000 (Coordinated Universal Time),Amondu,Vesti
1558897,Sim,Mon Aug 10 2026 14:22:45 GMT+0000 (Coordinated Universal Time),Oxalis,Starter
1924564,Não,Fri May 15 2026 18:50:36 GMT+0000 (Coordinated Universal Time),,
2000523,Não,Fri May 15 2026 18:52:44 GMT+0000 (Coordinated Universal Time),,
1094612,Sim,Thu Jul 16 2026 09:07:58 GMT+0000 (Coordinated Universal Time),Imagine Jeans,Vesti
1282081,Sim,Wed Jul 15 2026 19:45:56 GMT+0000 (Coordinated Universal Time),Lori Roth,
142297,Sim,Wed Jul 15 2026 20:02:23 GMT+0000 (Coordinated Universal Time),Cony Green,Attasoft
813072,Sim,Wed Jul 15 2026 20:02:42 GMT+0000 (Coordinated Universal Time),Jubora,Attasoft
145165,Sim,Thu Jul 16 2026 09:41:54 GMT+0000 (Coordinated Universal Time),Moirai,Attasoft
660189,Sim,Wed Jul 15 2026 19:29:30 GMT+0000 (Coordinated Universal Time),Anick,Starter
21684,Sim,Wed Jul 15 2026 19:26:37 GMT+0000 (Coordinated Universal Time),Melis Confecções  ,Attasoft
175476,Sim,Wed Jul 15 2026 20:05:35 GMT+0000 (Coordinated Universal Time),Sago Pargo,Attasoft
55829,Sim,Wed Jul 15 2026 20:11:14 GMT+0000 (Coordinated Universal Time),Paloma Concept,Starter
25174,Sim,Wed Jul 15 2026 19:29:13 GMT+0000 (Coordinated Universal Time),Betsey,Attasoft
27008,Sim,Sat Jul 25 2026 09:05:16 GMT+0000 (Coordinated Universal Time),Nanaminze,Vesti
145706,Sim,Thu Jul 16 2026 09:15:18 GMT+0000 (Coordinated Universal Time),CARPIEM,Attasoft
768796,Sim,Fri Jul 10 2026 17:41:31 GMT+0000 (Coordinated Universal Time),DUAS BRAND,Starter
149926,Sim,Wed Jul 15 2026 20:02:07 GMT+0000 (Coordinated Universal Time),Dunamis,Attasoft
949606,Sim,Wed Jul 15 2026 19:33:37 GMT+0000 (Coordinated Universal Time),Clomee,Vesti
1058361,Sim,Wed Jul 15 2026 19:39:07 GMT+0000 (Coordinated Universal Time),Mary Acessórios,Vesti
913427,Sim,Wed Jul 15 2026 19:28:41 GMT+0000 (Coordinated Universal Time),Actually Jeans,Vesti
1069542,Sim,Wed Jul 15 2026 19:27:25 GMT+0000 (Coordinated Universal Time), Katharina Brasil,Vesti
796597,Sim,Wed Jul 15 2026 19:44:21 GMT+0000 (Coordinated Universal Time),Oka,Starter
49554,Sim,Wed Jul 15 2026 19:53:08 GMT+0000 (Coordinated Universal Time),Crocker,Vesti
117175,Sim,Wed Jul 15 2026 19:44:09 GMT+0000 (Coordinated Universal Time),Hirus,Attasoft
172199,Sim,Wed Jul 15 2026 19:12:21 GMT+0000 (Coordinated Universal Time),LUCIENE ,Attasoft
117968,Sim,Wed Jul 15 2026 19:14:05 GMT+0000 (Coordinated Universal Time),Innocence,Attasoft
893740,Sim,Wed Jul 15 2026 19:54:08 GMT+0000 (Coordinated Universal Time),Linha cruzada Jeans Varejo,Vesti
542723,Sim,Wed Jul 15 2026 19:30:01 GMT+0000 (Coordinated Universal Time),Kokada,Vesti
312379,Sim,Wed Jul 15 2026 19:09:57 GMT+0000 (Coordinated Universal Time),Brytch Jeans,Vesti
127618,Sim,Wed Jul 15 2026 20:14:28 GMT+0000 (Coordinated Universal Time),Planchet,Attasoft
145277,Sim,Thu Jul 16 2026 09:28:54 GMT+0000 (Coordinated Universal Time),Borisu,Attasoft
650237,Sim,Wed Jul 15 2026 19:46:34 GMT+0000 (Coordinated Universal Time),Braga Camisaria,Vesti
50487,Sim,Wed Jul 15 2026 19:21:07 GMT+0000 (Coordinated Universal Time),PraEla,Attasoft
57825,Sim,Wed Jul 15 2026 19:19:04 GMT+0000 (Coordinated Universal Time),SHESLAINE BRAND,Vesti
46233,Sim,Wed Jul 29 2026 19:11:31 GMT+0000 (Coordinated Universal Time),Miliore,Vesti
28210,Sim,Mon Jun 15 2026 20:58:46 GMT+0000 (Coordinated Universal Time),Morina,Attasoft
135667,Sim,Wed Jul 15 2026 19:53:48 GMT+0000 (Coordinated Universal Time),Lilian Plus,Attasoft
1455826,Sim,Thu Jul 16 2026 09:24:20 GMT+0000 (Coordinated Universal Time),Adizza + Distinto,Vesti
1072349,Sim,Wed Jul 15 2026 21:01:11 GMT+0000 (Coordinated Universal Time),Vistamy Jeans,Vesti
317316,Sim,Thu Jul 16 2026 09:44:19 GMT+0000 (Coordinated Universal Time),Infini,Vesti
1029845,Sim,Thu Jul 16 2026 09:36:35 GMT+0000 (Coordinated Universal Time), Mendry Fashion,Vesti
82263,Sim,Thu Jul 16 2026 09:44:42 GMT+0000 (Coordinated Universal Time),Vida Bela,Vesti
164034,Sim,Wed Jul 15 2026 19:18:31 GMT+0000 (Coordinated Universal Time),Fiest Jeans,Starter
144574,Sim,Thu Jul 16 2026 09:17:51 GMT+0000 (Coordinated Universal Time),Hellen Carolina,Vesti
152498,Sim,Thu Jul 16 2026 09:49:00 GMT+0000 (Coordinated Universal Time),French Kiss,Attasoft
48997,Sim,Wed Jul 15 2026 17:10:36 GMT+0000 (Coordinated Universal Time),BLUE BLOSSOM,Attasoft
1661979,Sim,Mon Jul 27 2026 12:18:26 GMT+0000 (Coordinated Universal Time),HANDARA,Vesti
251048,Sim,Thu Jul 16 2026 09:22:34 GMT+0000 (Coordinated Universal Time),Santo Vício,Vesti
27404,Sim,Thu Jul 16 2026 09:29:06 GMT+0000 (Coordinated Universal Time),TALGUI,Attasoft
1123393,Sim,Thu Jul 16 2026 09:05:29 GMT+0000 (Coordinated Universal Time),PIT BULL JEANS,Vesti
276241,Sim,Thu Jul 16 2026 09:43:24 GMT+0000 (Coordinated Universal Time),Distinto,Starter
279807,Sim,Thu Jul 16 2026 09:10:44 GMT+0000 (Coordinated Universal Time),Miss Alfa,Attasoft
7777,Sim,Sat Jul 18 2026 09:15:45 GMT+0000 (Coordinated Universal Time),DOLPS,Vesti
288450,Sim,Wed Jul 15 2026 19:26:22 GMT+0000 (Coordinated Universal Time),Pistachio,Attasoft
1074486,Sim,Tue Aug 04 2026 09:19:34 GMT+0000 (Coordinated Universal Time),DeMissy ,Vesti
173971,Sim,Wed Jul 15 2026 19:57:43 GMT+0000 (Coordinated Universal Time),Ina Modas,Starter
1234006,Não,Thu Aug 06 2026 13:19:26 GMT+0000 (Coordinated Universal Time),Paraiso,Vesti
1024327,Sim,Mon Jul 27 2026 14:54:09 GMT+0000 (Coordinated Universal Time),Luciana Pais,Vesti
336,Sim,Thu Jul 16 2026 09:12:56 GMT+0000 (Coordinated Universal Time),danque,Vesti
106130,Sim,Thu Jul 16 2026 09:16:07 GMT+0000 (Coordinated Universal Time),Buccanes,Starter
525596,Sim,Thu Jul 16 2026 19:10:35 GMT+0000 (Coordinated Universal Time),Maria Lima,Vesti
123613,Sim,Wed Jul 15 2026 20:11:24 GMT+0000 (Coordinated Universal Time),Sanreed,Vesti
2007479,Sim,Fri Jul 31 2026 14:52:20 GMT+0000 (Coordinated Universal Time),LSJ Confecções,Uemtel
1271690,Sim,Tue Jul 14 2026 12:49:36 GMT+0000 (Coordinated Universal Time),Colly Atacado,Vesti
2016411,Sim,Mon Jul 13 2026 14:13:06 GMT+0000 (Coordinated Universal Time),SKYLER ACESSORIOS,Vesti
1115487,Sim,Mon Jul 20 2026 00:13:46 GMT+0000 (Coordinated Universal Time),Andrietta,Vesti
1703736,Sim,Fri Aug 07 2026 19:08:36 GMT+0000 (Coordinated Universal Time),FIRE,Vesti
17894,Sim,Thu Jul 16 2026 09:29:37 GMT+0000 (Coordinated Universal Time),Idrissi Dress,Attasoft
3301,Sim,Thu Jul 23 2026 09:15:28 GMT+0000 (Coordinated Universal Time),FASHION GIRL ATACADO,Vesti
1578766,Sim,Tue Jul 21 2026 17:07:45 GMT+0000 (Coordinated Universal Time),TN Moda,Uemtel
774506,Sim,Wed Jul 15 2026 17:40:11 GMT+0000 (Coordinated Universal Time),Fit Clothing Line,Vesti
448792,Sim,Sat Jul 18 2026 09:07:56 GMT+0000 (Coordinated Universal Time),Karmani,Attasoft
16,Sim,Wed Jul 15 2026 19:22:39 GMT+0000 (Coordinated Universal Time),Namine,Attasoft
120695,Sim,Wed Jul 15 2026 19:30:03 GMT+0000 (Coordinated Universal Time),Seiss & Deiss,Attasoft
187139,Sim,Wed Jul 15 2026 20:08:36 GMT+0000 (Coordinated Universal Time),Polatof,Attasoft
23502,Sim,Mon Jul 27 2026 19:08:51 GMT+0000 (Coordinated Universal Time),Copine,Vesti
147683,Sim,Thu Jul 16 2026 09:15:48 GMT+0000 (Coordinated Universal Time),Noir,Attasoft
66277,Sim,Wed May 20 2026 14:54:37 GMT+0000 (Coordinated Universal Time),Maria bella  ,Trial
432686,Sim,Wed Jul 15 2026 16:35:42 GMT+0000 (Coordinated Universal Time),Maria Bella ,Vesti
1643062,Sim,Wed May 20 2026 16:18:07 GMT+0000 (Coordinated Universal Time),Geovana Silva,Varejo Vesti
1590317,Não,Tue Jul 07 2026 15:34:01 GMT+0000 (Coordinated Universal Time),,
727491,Sim,Thu Jul 30 2026 19:11:49 GMT+0000 (Coordinated Universal Time),Doce Deleite,Attasoft
1712269,Sim,Sat Jul 25 2026 09:05:21 GMT+0000 (Coordinated Universal Time),Agarre & Use Varejo,Vesti
1363929,Sim,Wed Jul 22 2026 15:21:05 GMT+0000 (Coordinated Universal Time),Gissary Modas,Uemtel
1492535,Sim,Mon Jul 20 2026 14:40:50 GMT+0000 (Coordinated Universal Time),Alam Modas,Uemtel
634486,Sim,Tue Jul 21 2026 16:41:34 GMT+0000 (Coordinated Universal Time),Donna Veste,Varejo Vesti
456553,Sim,Sun Jul 19 2026 16:30:58 GMT+0000 (Coordinated Universal Time),Santtha Lu,Attasoft
1035659,Sim,Thu Jul 23 2026 09:05:56 GMT+0000 (Coordinated Universal Time),Klic Kids,Vesti
132195,Sim,Sun Jul 26 2026 16:23:46 GMT+0000 (Coordinated Universal Time),Priscila Pires,Starter
862784,Sim,Thu May 28 2026 13:14:51 GMT+0000 (Coordinated Universal Time),,
1456742,Não,Thu May 28 2026 15:32:11 GMT+0000 (Coordinated Universal Time),,
1448441,Sim,Tue Jul 28 2026 19:21:50 GMT+0000 (Coordinated Universal Time),SARD,Vesti
1715699,Não,Fri May 29 2026 18:46:57 GMT+0000 (Coordinated Universal Time),,
1433039,Sim,Tue Jul 28 2026 17:08:05 GMT+0000 (Coordinated Universal Time),AFRI.CO,Vesti
1345093,Sim,Sat Jul 25 2026 16:26:54 GMT+0000 (Coordinated Universal Time),Begkids,Vesti
2028188,Sim,Thu Aug 06 2026 14:43:05 GMT+0000 (Coordinated Universal Time),V&M Plus Modas,Starter
1437352,Sim,Sat Aug 01 2026 16:31:02 GMT+0000 (Coordinated Universal Time),Traffos Atacado,Vesti
1378010,Sim,Tue Aug 04 2026 14:18:46 GMT+0000 (Coordinated Universal Time),Monnika Marikinha,Starter
2040719,Não,Fri Jun 05 2026 16:44:31 GMT+0000 (Coordinated Universal Time),,
1737229,Não,Fri Jun 05 2026 16:56:21 GMT+0000 (Coordinated Universal Time),,
1345663,Sim,Sun Jul 26 2026 16:44:39 GMT+0000 (Coordinated Universal Time),Alle_Moda,Attasoft
2018982,Sim,Thu Jul 23 2026 19:12:48 GMT+0000 (Coordinated Universal Time),Versally Lingerie,Vesti
1816615,Sim,Sat Jul 11 2026 01:16:20 GMT+0000 (Coordinated Universal Time),Michelis Modas,Uemtel
2018547,Não,Mon Jul 27 2026 11:55:28 GMT+0000 (Coordinated Universal Time),,
2035554,Não,Mon Aug 10 2026 13:06:27 GMT+0000 (Coordinated Universal Time),Aline Mezzari Brand,Vesti
1747582,Sim,Wed Aug 12 2026 09:34:50 GMT+0000 (Coordinated Universal Time),Anderson Atacado,Vesti
212906,Sim,Wed Aug 12 2026 09:34:50 GMT+0000 (Coordinated Universal Time),Anderson Atacado,Vesti
1266300,Sim,Mon Aug 10 2026 21:11:10 GMT+0000 (Coordinated Universal Time),OKEY TECH,Vesti
1104762,Sim,Sun Aug 09 2026 16:50:13 GMT+0000 (Coordinated Universal Time),Negally Modas,Varejo Vesti
2034779,Não,Tue Jun 16 2026 19:03:36 GMT+0000 (Coordinated Universal Time),,
382421,Não,Mon Jun 15 2026 14:44:48 GMT+0000 (Coordinated Universal Time),,
139516,Sim,Wed Jul 15 2026 19:58:39 GMT+0000 (Coordinated Universal Time),Munnah,Starter
149183,Sim,Wed Jul 15 2026 09:37:16 GMT+0000 (Coordinated Universal Time),Alice,Attasoft
1966308,Não,Tue Jun 16 2026 11:51:10 GMT+0000 (Coordinated Universal Time),,
1803600,Não,Thu Jun 18 2026 14:42:25 GMT+0000 (Coordinated Universal Time),,
2035512,Não,Tue Jun 16 2026 18:37:34 GMT+0000 (Coordinated Universal Time),,
2041369,Sim,Wed Aug 12 2026 20:36:06 GMT+0000 (Coordinated Universal Time),,
2041380,Não,Tue Jun 16 2026 18:57:30 GMT+0000 (Coordinated Universal Time),,
2041160,Sim,Sun Aug 09 2026 14:44:20 GMT+0000 (Coordinated Universal Time),M.Arte,Uemtel
1768661,Não,Tue Jun 16 2026 19:02:54 GMT+0000 (Coordinated Universal Time),,
1880422,Não,Tue Jun 16 2026 19:06:56 GMT+0000 (Coordinated Universal Time),,
1934991,Não,Wed Jun 17 2026 19:08:34 GMT+0000 (Coordinated Universal Time),,
2007005,Não,Mon Jun 22 2026 16:41:47 GMT+0000 (Coordinated Universal Time),,
1865970,Não,Mon Jun 22 2026 16:45:31 GMT+0000 (Coordinated Universal Time),,
1815775,Sim,Wed Jul 29 2026 18:07:22 GMT+0000 (Coordinated Universal Time),Naide Piriguet,Uemtel
14808,Não,Mon Aug 10 2026 13:06:04 GMT+0000 (Coordinated Universal Time),Aline Mezzari  ,
1981541,Não,Wed Jun 24 2026 14:09:27 GMT+0000 (Coordinated Universal Time),,
2052302,Sim,Wed Jul 22 2026 20:56:50 GMT+0000 (Coordinated Universal Time),Céu de Algodão,Vesti
2017003,Sim,Wed Aug 12 2026 18:18:50 GMT+0000 (Coordinated Universal Time),R&E Confecções ,Uemtel
2017000,Não,Wed Jun 24 2026 14:53:16 GMT+0000 (Coordinated Universal Time),,
1695885,Não,Thu Jun 25 2026 12:29:03 GMT+0000 (Coordinated Universal Time),,
2050798,Não,Thu Jun 25 2026 16:45:05 GMT+0000 (Coordinated Universal Time),,
1763152,Não,Mon Jun 29 2026 11:35:55 GMT+0000 (Coordinated Universal Time),,
1988415,Sim,Wed Aug 05 2026 16:47:37 GMT+0000 (Coordinated Universal Time),Analiss Shine,Attasoft
1081260,Sim,Fri Jul 03 2026 14:03:39 GMT+0000 (Coordinated Universal Time),,
45831,Sim,Wed Jul 01 2026 12:04:10 GMT+0000 (Coordinated Universal Time),,
1448023,Sim,Tue Aug 11 2026 14:04:20 GMT+0000 (Coordinated Universal Time),,
1845879,Sim,Mon Aug 03 2026 18:06:18 GMT+0000 (Coordinated Universal Time),Aderet Modas,Uemtel
369880,Sim,Thu Aug 06 2026 17:01:33 GMT+0000 (Coordinated Universal Time),EP  ,Vesti
2002496,Sim,Fri Jul 31 2026 17:32:00 GMT+0000 (Coordinated Universal Time),Ayla J Modas,Uemtel
2074274,Sim,Mon Aug 10 2026 01:55:13 GMT+0000 (Coordinated Universal Time),DX Modas,Uemtel
47634,Sim,Thu Jul 23 2026 17:29:29 GMT+0000 (Coordinated Universal Time),Tuba,Attasoft
1298864,Sim,Mon Aug 10 2026 19:23:50 GMT+0000 (Coordinated Universal Time),BH YOO CONFECÇÕES,Attasoft
14035,Sim,Thu Jul 16 2026 11:34:42 GMT+0000 (Coordinated Universal Time),Anne Blanc,Vesti
45777,Sim,Thu Jul 16 2026 10:01:57 GMT+0000 (Coordinated Universal Time),Instar,Attasoft
2023143,Não,Tue Jul 07 2026 15:21:28 GMT+0000 (Coordinated Universal Time),,
100786,Não,Tue Jul 07 2026 15:34:39 GMT+0000 (Coordinated Universal Time),,
1562474,Sim,Fri Aug 07 2026 16:39:26 GMT+0000 (Coordinated Universal Time),Dallew Jeans,Starter
44514,Sim,Fri Aug 07 2026 16:39:39 GMT+0000 (Coordinated Universal Time),Dazz Modas,Vesti
614239,Sim,Fri Aug 07 2026 16:43:48 GMT+0000 (Coordinated Universal Time),Douglas Harris,Starter
214460,Sim,Fri Aug 07 2026 16:43:48 GMT+0000 (Coordinated Universal Time),Douglas Harris,Treino
1416497,Sim,Fri Aug 07 2026 16:50:52 GMT+0000 (Coordinated Universal Time),CARONLY JEANS,Starter
453110,Sim,Wed Jul 08 2026 11:11:21 GMT+0000 (Coordinated Universal Time),,
2068473,Sim,Mon Jul 27 2026 15:47:08 GMT+0000 (Coordinated Universal Time),Galpão 43,Vesti
1976453,Não,Tue Jul 14 2026 17:10:16 GMT+0000 (Coordinated Universal Time),Modas Faviola,Uemtel
1808051,Sim,Wed Aug 05 2026 19:13:05 GMT+0000 (Coordinated Universal Time),Stick Lingerie,Vesti
1924064,Sim,Wed Aug 05 2026 19:13:05 GMT+0000 (Coordinated Universal Time),Stick Lingerie,Vesti
144091,Sim,Wed Aug 05 2026 19:13:05 GMT+0000 (Coordinated Universal Time),Rosileide,
10479,Sim,Mon Aug 10 2026 09:55:55 GMT+0000 (Coordinated Universal Time),New Umbi,Attasoft
662705,Sim,Fri Aug 07 2026 16:55:00 GMT+0000 (Coordinated Universal Time),Mar em Festa,Starter
1190945,Sim,Sat Aug 08 2026 16:31:28 GMT+0000 (Coordinated Universal Time),Andria Do Amaral,Varejo Vesti
1814020,Sim,Sat Aug 08 2026 16:41:17 GMT+0000 (Coordinated Universal Time),MARBELLE LINGERIE,Starter
174033,Sim,Wed Jul 08 2026 16:41:09 GMT+0000 (Coordinated Universal Time),Aqua Doce,Attasoft
372487,Sim,Sat Aug 08 2026 16:47:36 GMT+0000 (Coordinated Universal Time),Izzat Jeans,Vesti
1590916,Sim,Sat Aug 08 2026 17:03:26 GMT+0000 (Coordinated Universal Time),SNAPPER STREET WEAR LTDA,Starter
1291372,Sim,Sun Aug 09 2026 16:37:55 GMT+0000 (Coordinated Universal Time),Bella Fé,ProRoi
184471,Não,Fri Jul 17 2026 16:27:27 GMT+0000 (Coordinated Universal Time),Josefa Luana Dos Santos Silva ,Starter
63844,Sim,Sun Aug 09 2026 16:55:16 GMT+0000 (Coordinated Universal Time),Anisa,Varejo Vesti
2066617,Sim,Mon Aug 10 2026 16:56:56 GMT+0000 (Coordinated Universal Time),EMERSON SALES,Starter
1482280,Sim,Mon Aug 10 2026 17:14:28 GMT+0000 (Coordinated Universal Time),Viotto,Starter
1779562,Sim,Mon Aug 10 2026 19:18:04 GMT+0000 (Coordinated Universal Time),Loderro,Attasoft
762660,Sim,Tue Aug 11 2026 11:23:46 GMT+0000 (Coordinated Universal Time),PRS JEANS,Vesti
8171,Sim,Tue Aug 11 2026 19:17:48 GMT+0000 (Coordinated Universal Time),Artemiss,Attasoft
1534738,Não,Tue Aug 11 2026 12:48:47 GMT+0000 (Coordinated Universal Time),GIO FEMININE,Starter
955483,Sim,Tue Aug 11 2026 19:32:43 GMT+0000 (Coordinated Universal Time),Longhini Semijoias,Varejo Vesti
1659718,Sim,Wed Aug 12 2026 19:42:32 GMT+0000 (Coordinated Universal Time),Legacy,Starter
2094795,Sim,Wed Aug 12 2026 19:23:31 GMT+0000 (Coordinated Universal Time),Hotvanilla,Vesti
111338,Sim,Wed Aug 12 2026 19:23:31 GMT+0000 (Coordinated Universal Time),Hotvanilla,Vesti
"67,022",Sim,Mon Jul 13 2026 13:38:40 GMT+0000 (Coordinated Universal Time),,
1389025,Sim,Mon Jul 13 2026 16:29:22 GMT+0000 (Coordinated Universal Time),Leluz Shoes,Varejo Vesti
1271226,Sim,Mon Jul 13 2026 16:35:50 GMT+0000 (Coordinated Universal Time),Favorita Modas,Varejo Vesti
132814,Sim,Mon Jul 13 2026 16:52:06 GMT+0000 (Coordinated Universal Time),Cubo Cubo,Starter
126426,Sim,Mon Jul 13 2026 19:13:29 GMT+0000 (Coordinated Universal Time),Crisfael,Vesti
655124,Sim,Mon Jul 13 2026 19:13:35 GMT+0000 (Coordinated Universal Time),Sanny Lingerie,Vesti
2051090,Sim,Tue Jul 21 2026 19:47:36 GMT+0000 (Coordinated Universal Time),Blitz Closet,Vesti
1375973,Sim,Tue Jul 21 2026 19:45:32 GMT+0000 (Coordinated Universal Time),Anne,N/A
166953,Sim,Mon Aug 10 2026 19:53:01 GMT+0000 (Coordinated Universal Time),Belle Epoque,Attasoft
1448976,Sim,Mon Jul 13 2026 20:42:41 GMT+0000 (Coordinated Universal Time),Erilluz Jeans,Vesti
2076887,Sim,Tue Aug 11 2026 12:35:37 GMT+0000 (Coordinated Universal Time),Jay & Co,Vesti
1746701,Sim,Tue Jul 14 2026 14:04:43 GMT+0000 (Coordinated Universal Time),Matheus José da Silva,ProRoi
851335,Sim,Tue Jul 14 2026 16:50:23 GMT+0000 (Coordinated Universal Time),La Bella,Attasoft
1241995,Sim,Tue Jul 14 2026 16:51:05 GMT+0000 (Coordinated Universal Time),MINOLLI,Starter
344129,Sim,Tue Jul 14 2026 16:52:48 GMT+0000 (Coordinated Universal Time),Quisty,Starter
398521,Sim,Tue Jul 14 2026 16:55:03 GMT+0000 (Coordinated Universal Time),Marcia Machado Buzzi ,Varejo Vesti
6527,Sim,Tue Jul 14 2026 16:55:19 GMT+0000 (Coordinated Universal Time),CITTÀ,Attasoft
2068618,Sim,Tue Aug 11 2026 18:41:35 GMT+0000 (Coordinated Universal Time),Shady Acessórios,Starter
646958,Não,Tue Jul 14 2026 17:56:10 GMT+0000 (Coordinated Universal Time),,
2069390,Não,Tue Jul 14 2026 18:00:38 GMT+0000 (Coordinated Universal Time),,
1858600,Sim,Wed Jul 15 2026 16:30:38 GMT+0000 (Coordinated Universal Time),Solange Kohira,
1323666,Sim,Mon Aug 03 2026 18:32:01 GMT+0000 (Coordinated Universal Time),Maribell,
1250663,Sim,Wed Jul 15 2026 16:35:42 GMT+0000 (Coordinated Universal Time),Ana Luisa Rocha Aragao,
31294,Sim,Tue Jul 21 2026 16:41:42 GMT+0000 (Coordinated Universal Time),Yunire,Attasoft
1926419,Sim,Wed Jul 15 2026 16:36:18 GMT+0000 (Coordinated Universal Time),Conceito MIKA,Vesti
212047,Sim,Wed Jul 15 2026 16:36:18 GMT+0000 (Coordinated Universal Time),Michael Leandro Kim,N/A
1594725,Sim,Wed Jul 15 2026 16:50:44 GMT+0000 (Coordinated Universal Time),LV Moda Festa,Varejo Vesti
1251509,Sim,Wed Jul 15 2026 17:09:26 GMT+0000 (Coordinated Universal Time),Perola Oriental,Ve Vantagens
1376305,Sim,Wed Jul 15 2026 17:02:25 GMT+0000 (Coordinated Universal Time),Perola Oriental Bom Retiro ,Ve Vantagens
8874,Sim,Wed Jul 15 2026 17:05:20 GMT+0000 (Coordinated Universal Time),,
90382,Sim,Wed Jul 15 2026 17:05:50 GMT+0000 (Coordinated Universal Time),,
230240,Sim,Wed Jul 15 2026 17:06:15 GMT+0000 (Coordinated Universal Time),,
1377761,Sim,Wed Jul 15 2026 17:08:53 GMT+0000 (Coordinated Universal Time),Vtrih Confecções,Starter
713811,Sim,Tue Jul 28 2026 16:56:07 GMT+0000 (Coordinated Universal Time),Stefani ,Vesti
222252,Sim,Wed Jul 15 2026 19:23:42 GMT+0000 (Coordinated Universal Time),Namine Confecçoes ,
2018729,Sim,Wed Jul 15 2026 19:29:22 GMT+0000 (Coordinated Universal Time),LF Acessórios,Vesti
2095070,Sim,Thu Jul 23 2026 19:12:48 GMT+0000 (Coordinated Universal Time),Versally Lingerie Representantes,Vesti
1228753,Sim,Thu Jul 16 2026 09:34:48 GMT+0000 (Coordinated Universal Time), Eklacia,Starter
313663,Sim,Thu Jul 16 2026 09:45:17 GMT+0000 (Coordinated Universal Time),Teste Karina Marketing ,Attasoft
2093801,Sim,Thu Jul 16 2026 14:36:16 GMT+0000 (Coordinated Universal Time),,
1225915,Sim,Thu Jul 16 2026 16:38:19 GMT+0000 (Coordinated Universal Time),Divas Vero,Vesti
1938037,Sim,Thu Jul 16 2026 16:42:30 GMT+0000 (Coordinated Universal Time),AFETTO,Attasoft
1931006,Sim,Thu Jul 16 2026 16:45:28 GMT+0000 (Coordinated Universal Time),Handle Jeans,Starter
1870959,Sim,Fri Jul 17 2026 13:51:08 GMT+0000 (Coordinated Universal Time),Bilcon Modas,Uemtel
135861,Sim,Fri Jul 17 2026 16:24:17 GMT+0000 (Coordinated Universal Time),Milalai,Attasoft
547838,Sim,Fri Jul 17 2026 16:26:39 GMT+0000 (Coordinated Universal Time),3R Lopes,Varejo Vesti
10398,Não,Fri Jul 17 2026 16:30:23 GMT+0000 (Coordinated Universal Time),,
2019731,Sim,Fri Jul 17 2026 16:37:50 GMT+0000 (Coordinated Universal Time),Favorita Plus Jeans,Starter
1329710,Sim,Fri Jul 17 2026 16:38:31 GMT+0000 (Coordinated Universal Time),B.W multiservices,Varejo Vesti
29362,Sim,Fri Jul 17 2026 16:39:08 GMT+0000 (Coordinated Universal Time),Isabela,Varejo Vesti
61553,Não,Mon Jul 20 2026 12:25:50 GMT+0000 (Coordinated Universal Time),ZARAK,Starter
2097992,Sim,Fri Jul 17 2026 19:36:00 GMT+0000 (Coordinated Universal Time),CRIFITOP KIDS,Vesti
2094157,Sim,Tue Jul 21 2026 09:42:09 GMT+0000 (Coordinated Universal Time),Ouriço,Vesti
151275,Sim,Sat Jul 18 2026 16:25:25 GMT+0000 (Coordinated Universal Time),Kevin ,
1238997,Sim,Sat Jul 18 2026 16:34:42 GMT+0000 (Coordinated Universal Time),Monnika Marikinha Brand,N/A
1320860,Sim,Sat Jul 18 2026 16:41:40 GMT+0000 (Coordinated Universal Time),Urban Race,Starter
1475430,Sim,Sat Jul 18 2026 16:50:36 GMT+0000 (Coordinated Universal Time),TTNG,Starter
1407423,Sim,Sun Jul 19 2026 16:20:20 GMT+0000 (Coordinated Universal Time),ASDN,ProRoi
1457975,Sim,Sun Jul 19 2026 16:24:00 GMT+0000 (Coordinated Universal Time),Beach Cat Atacado,Starter
1995299,Sim,Sun Jul 19 2026 16:25:16 GMT+0000 (Coordinated Universal Time),Andrea Sabá,Attasoft
299159,Sim,Sun Jul 19 2026 16:32:31 GMT+0000 (Coordinated Universal Time),Clajan,Starter
1038147,Sim,Sun Jul 19 2026 16:41:41 GMT+0000 (Coordinated Universal Time),Justina,Starter
1979505,Sim,Thu Aug 06 2026 09:45:05 GMT+0000 (Coordinated Universal Time),Erica Modas123,Uemtel
579972,Sim,Mon Jul 20 2026 13:26:48 GMT+0000 (Coordinated Universal Time),Patricia ,
2066732,Sim,Mon Jul 20 2026 13:26:48 GMT+0000 (Coordinated Universal Time),Paty Lady Jeans,Vesti
2071336,Sim,Fri Jul 31 2026 09:10:45 GMT+0000 (Coordinated Universal Time),Malu,Vesti
1979643,Sim,Mon Jul 20 2026 14:22:23 GMT+0000 (Coordinated Universal Time),confeccionesvioletaempresa@gmail.com,Uemtel
1670125,Sim,Fri Aug 07 2026 20:13:21 GMT+0000 (Coordinated Universal Time),Uemtel,
1212951,Sim,Mon Jul 20 2026 16:44:56 GMT+0000 (Coordinated Universal Time),Repete,Starter
621426,Sim,Mon Jul 20 2026 16:45:30 GMT+0000 (Coordinated Universal Time),Maria Lenita Oliveira Pimenta ,Varejo Vesti
21181,Sim,Mon Jul 20 2026 16:47:59 GMT+0000 (Coordinated Universal Time),Lenira Souza,
1181984,Sim,Mon Jul 20 2026 16:50:58 GMT+0000 (Coordinated Universal Time),Tutto Store,Attasoft
1992868,Sim,Mon Jul 20 2026 16:51:51 GMT+0000 (Coordinated Universal Time),Weekend,Attasoft
44756,Sim,Mon Jul 20 2026 16:53:19 GMT+0000 (Coordinated Universal Time),Emili,Attasoft
774035,Sim,Mon Jul 20 2026 16:59:34 GMT+0000 (Coordinated Universal Time),Regineide Benevinuto,Varejo Vesti
341508,Sim,Mon Jul 20 2026 17:01:19 GMT+0000 (Coordinated Universal Time),CHEMOA,Attasoft
724045,Sim,Mon Jul 20 2026 17:03:05 GMT+0000 (Coordinated Universal Time),Taju,Vesti
1215257,Sim,Mon Jul 20 2026 18:08:43 GMT+0000 (Coordinated Universal Time),Christiam Raissa,
2061322,Sim,Mon Jul 20 2026 18:39:21 GMT+0000 (Coordinated Universal Time),MMK Confecções,Uemtel
2061311,Sim,Mon Jul 20 2026 19:36:25 GMT+0000 (Coordinated Universal Time),Crisaurio,Uemtel
2003891,Sim,Sat Aug 01 2026 16:30:20 GMT+0000 (Coordinated Universal Time),Nima,Attasoft
642658,Sim,Mon Jul 20 2026 21:31:12 GMT+0000 (Coordinated Universal Time),Campos Pijamas,Vesti
1989464,Sim,Tue Jul 21 2026 09:41:31 GMT+0000 (Coordinated Universal Time),Sol e Energia,Vesti
1376860,Sim,Tue Jul 21 2026 09:41:31 GMT+0000 (Coordinated Universal Time),Jssica,N/A
995393,Sim,Tue Jul 21 2026 10:10:05 GMT+0000 (Coordinated Universal Time),Francyane Dos Santos Martins,N/A
2057805,Sim,Tue Jul 21 2026 10:10:05 GMT+0000 (Coordinated Universal Time),Via Corpus,Vesti
325526,Sim,Tue Jul 21 2026 14:57:12 GMT+0000 (Coordinated Universal Time),Chance Jeans,Starter
534132,Sim,Tue Jul 21 2026 16:42:08 GMT+0000 (Coordinated Universal Time),La Tay Denim,Starter
79208,Sim,Tue Jul 21 2026 16:44:13 GMT+0000 (Coordinated Universal Time),Vanessa ,
770710,Sim,Tue Jul 21 2026 16:56:09 GMT+0000 (Coordinated Universal Time),Banoffe Brand,Starter
1893722,Não,Tue Jul 21 2026 18:39:22 GMT+0000 (Coordinated Universal Time),,
2025346,Sim,Tue Jul 21 2026 19:13:04 GMT+0000 (Coordinated Universal Time),DaniloVestFesta,Attasoft
1790085,Não,Tue Jul 21 2026 19:18:39 GMT+0000 (Coordinated Universal Time),,
2052347,Sim,Wed Jul 22 2026 00:58:23 GMT+0000 (Coordinated Universal Time),Kelly Rodrigues Fortaleza,Vesti
844604,Sim,Wed Jul 22 2026 19:07:38 GMT+0000 (Coordinated Universal Time),Ajo Brand,Vesti
1956465,Sim,Tue Aug 11 2026 19:31:21 GMT+0000 (Coordinated Universal Time),Porã,Starter
187178,Sim,Wed Jul 22 2026 13:05:36 GMT+0000 (Coordinated Universal Time),Cappuccino,Attasoft
2043912,Sim,Wed Jul 22 2026 14:44:51 GMT+0000 (Coordinated Universal Time),Roma Style,Uemtel
1467676,Sim,Wed Jul 22 2026 16:32:58 GMT+0000 (Coordinated Universal Time),KVG Oficial,Tizeefy
639305,Sim,Wed Jul 22 2026 16:40:42 GMT+0000 (Coordinated Universal Time),Boutique Denise Santos,Varejo Vesti
1133874,Sim,Wed Jul 22 2026 16:43:30 GMT+0000 (Coordinated Universal Time),Aldemira Da Silva,Varejo Vesti
67488,Sim,Wed Jul 22 2026 16:49:21 GMT+0000 (Coordinated Universal Time),Gowara,Attasoft
1347965,Sim,Wed Jul 22 2026 16:53:24 GMT+0000 (Coordinated Universal Time),Wish Brand,Vesti
1228706,Sim,Wed Jul 22 2026 19:13:22 GMT+0000 (Coordinated Universal Time),Fast Glam,Vesti
1078366,Sim,Thu Jul 23 2026 09:06:08 GMT+0000 (Coordinated Universal Time),FLORENCE,Vesti
637544,Sim,Thu Jul 23 2026 12:05:13 GMT+0000 (Coordinated Universal Time),Fidel Ch Huarachi ,
"43,629",Sim,Thu Jul 23 2026 12:09:25 GMT+0000 (Coordinated Universal Time),,
1412742,Sim,Thu Jul 23 2026 16:29:46 GMT+0000 (Coordinated Universal Time),NEW MIRE AVIAMENTOS ,Starter
1355848,Sim,Thu Jul 23 2026 16:31:26 GMT+0000 (Coordinated Universal Time),Arary,Vesti
1236219,Sim,Thu Jul 23 2026 16:31:34 GMT+0000 (Coordinated Universal Time),ReStore,Varejo Vesti
2100177,Sim,Thu Jul 23 2026 16:32:45 GMT+0000 (Coordinated Universal Time),,
1608002,Sim,Thu Jul 23 2026 16:35:48 GMT+0000 (Coordinated Universal Time),MODAS FIORE,Starter
179103,Sim,Thu Jul 23 2026 16:35:48 GMT+0000 (Coordinated Universal Time),Fiore Modas,Vesti
1738718,Sim,Thu Jul 23 2026 16:40:16 GMT+0000 (Coordinated Universal Time),Red Line,Starter
1044132,Sim,Thu Jul 23 2026 16:42:11 GMT+0000 (Coordinated Universal Time),Bold For Life ,Starter
1993146,Sim,Thu Jul 23 2026 16:46:20 GMT+0000 (Coordinated Universal Time),2 Wave,Starter
1992701,Sim,Thu Jul 23 2026 16:54:28 GMT+0000 (Coordinated Universal Time),RB Brand,Starter
2053636,Não,Fri Jul 24 2026 07:00:55 GMT+0000 (Coordinated Universal Time),Confecções Luz,Uemtel
1993619,Sim,Fri Jul 24 2026 16:28:59 GMT+0000 (Coordinated Universal Time),Melifer,Starter
667191,Sim,Fri Jul 24 2026 16:32:31 GMT+0000 (Coordinated Universal Time),Renata,N/A
1148263,Sim,Fri Jul 24 2026 16:32:31 GMT+0000 (Coordinated Universal Time),Tulipeira,Starter
1211741,Sim,Fri Jul 24 2026 16:32:52 GMT+0000 (Coordinated Universal Time),Donna Stella,Starter
1983975,Sim,Fri Jul 24 2026 16:43:19 GMT+0000 (Coordinated Universal Time),Ailson Moreira Bueno,
2031927,Sim,Fri Jul 24 2026 19:10:05 GMT+0000 (Coordinated Universal Time),Mya Collection,Vesti
1457599,Sim,Sat Jul 25 2026 16:30:06 GMT+0000 (Coordinated Universal Time),VERANICE LOPES ALVES,Varejo Vesti
1477106,Sim,Sat Jul 25 2026 16:30:06 GMT+0000 (Coordinated Universal Time),Veranice Lopes,N/A
1995402,Sim,Sat Jul 25 2026 16:32:40 GMT+0000 (Coordinated Universal Time),Holinzzstone,Starter
303322,Sim,Sat Jul 25 2026 16:34:20 GMT+0000 (Coordinated Universal Time),Vystu,Attasoft
1415689,Sim,Sat Jul 25 2026 16:47:48 GMT+0000 (Coordinated Universal Time),Rayra Lima Brand Fitness  ,ProRoi
1311213,Sim,Sat Jul 25 2026 16:55:12 GMT+0000 (Coordinated Universal Time),Minha Nina Oficial,Starter
476639,Sim,Sat Jul 25 2026 16:56:06 GMT+0000 (Coordinated Universal Time),Elice Fitness,Vesti
1798620,Sim,Sat Jul 25 2026 16:58:20 GMT+0000 (Coordinated Universal Time),Rosebella,Starter
1229078,Não,Sun Jul 26 2026 07:00:59 GMT+0000 (Coordinated Universal Time),Alice Ferreira De Souza,Varejo Vesti
2067207,Sim,Sun Jul 26 2026 16:20:42 GMT+0000 (Coordinated Universal Time),Zavia Fitness,Starter
411562,Sim,Sun Jul 26 2026 16:21:10 GMT+0000 (Coordinated Universal Time),Sandra choque  ,N/A
1943437,Sim,Sun Jul 26 2026 16:32:46 GMT+0000 (Coordinated Universal Time),Sedanbi,Attasoft
38164,Sim,Sun Jul 26 2026 16:44:39 GMT+0000 (Coordinated Universal Time),Desativado,Attasoft
2011938,Não,Mon Jul 27 2026 11:52:12 GMT+0000 (Coordinated Universal Time),,
1662152,Não,Mon Jul 27 2026 16:39:55 GMT+0000 (Coordinated Universal Time),,
1942215,Sim,Mon Jul 27 2026 16:41:17 GMT+0000 (Coordinated Universal Time),Jullyta Sales,Starter
21682,Sim,Mon Jul 27 2026 16:44:42 GMT+0000 (Coordinated Universal Time),Canoni ,Attasoft
2032548,Sim,Mon Jul 27 2026 16:46:19 GMT+0000 (Coordinated Universal Time),Mari Modas,Vesti
447726,Sim,Mon Jul 27 2026 16:48:32 GMT+0000 (Coordinated Universal Time),Maria  ,
1970279,Sim,Tue Jul 28 2026 09:18:11 GMT+0000 (Coordinated Universal Time),MissManu,Vesti
1258281,Sim,Tue Jul 28 2026 16:41:59 GMT+0000 (Coordinated Universal Time), RL Modas,Starter
1544888,Sim,Tue Jul 28 2026 16:43:49 GMT+0000 (Coordinated Universal Time),Lubira,Attasoft
156747,Sim,Tue Jul 28 2026 16:47:40 GMT+0000 (Coordinated Universal Time),Paloma Moda Modesta,Varejo Vesti
2034279,Sim,Tue Jul 28 2026 16:48:43 GMT+0000 (Coordinated Universal Time),Fábrica Zoe,Vesti
162394,Sim,Tue Jul 28 2026 16:48:43 GMT+0000 (Coordinated Universal Time),Fábrica Zoe,Starter
1552583,Sim,Tue Jul 28 2026 16:49:05 GMT+0000 (Coordinated Universal Time),Rikka,Attasoft
1881629,Sim,Tue Jul 28 2026 16:50:43 GMT+0000 (Coordinated Universal Time),Fitae,Starter
1695099,Sim,Tue Jul 28 2026 16:51:22 GMT+0000 (Coordinated Universal Time),Apress Teen,Starter
312403,Sim,Tue Jul 28 2026 16:51:22 GMT+0000 (Coordinated Universal Time),Apressadinho Jeans,Vesti
387195,Sim,Tue Jul 28 2026 16:51:43 GMT+0000 (Coordinated Universal Time),Edi Saraiva Varejo,Starter
382186,Sim,Tue Jul 28 2026 16:51:43 GMT+0000 (Coordinated Universal Time),Edi Saraiva,Starter
663336,Sim,Tue Jul 28 2026 16:59:58 GMT+0000 (Coordinated Universal Time),Merci,Starter
1616100,Sim,Tue Jul 28 2026 17:01:55 GMT+0000 (Coordinated Universal Time),By Mi Tomazela,Starter
215588,Sim,Tue Jul 28 2026 17:01:55 GMT+0000 (Coordinated Universal Time),Prana Store,N/A
50443,Sim,Tue Jul 28 2026 17:01:27 GMT+0000 (Coordinated Universal Time),Malhas Di Bom Gosto,Vesti
1441314,Sim,Tue Jul 28 2026 17:06:06 GMT+0000 (Coordinated Universal Time),Ivan Garcia,
1942933,Sim,Tue Jul 28 2026 17:10:32 GMT+0000 (Coordinated Universal Time),Mi&co,Starter
1436061,Sim,Tue Jul 28 2026 17:09:35 GMT+0000 (Coordinated Universal Time),Sued T-Shirt,Starter
214573,Sim,Tue Jul 28 2026 19:18:20 GMT+0000 (Coordinated Universal Time),Coerenza ,
1379136,Sim,Tue Jul 28 2026 22:10:35 GMT+0000 (Coordinated Universal Time),Délia Modas,Vesti
1345745,Sim,Wed Jul 29 2026 09:07:55 GMT+0000 (Coordinated Universal Time),Tendenza Millenium Homol,Trial
1880528,Sim,Wed Jul 29 2026 09:20:19 GMT+0000 (Coordinated Universal Time),Clovis Calçados,Vesti
156269,Sim,Wed Jul 29 2026 16:37:09 GMT+0000 (Coordinated Universal Time),Emdu,Attasoft
2071752,Sim,Wed Jul 29 2026 19:11:57 GMT+0000 (Coordinated Universal Time),Pau a Pique,Vesti
1623018,Não,Wed Jul 29 2026 19:50:46 GMT+0000 (Coordinated Universal Time),,
2040689,Sim,Thu Jul 30 2026 15:36:54 GMT+0000 (Coordinated Universal Time),Castillo Modas,Uemtel
1183156,Sim,Thu Jul 30 2026 21:09:32 GMT+0000 (Coordinated Universal Time),Andreya,Vesti
62718,Sim,Fri Jul 31 2026 09:10:45 GMT+0000 (Coordinated Universal Time),Malu Maluh,Onix
764832,Sim,Mon Aug 03 2026 14:13:24 GMT+0000 (Coordinated Universal Time),,
2001884,Sim,Sat Aug 01 2026 02:38:02 GMT+0000 (Coordinated Universal Time),S.A.B. Modas Feminina,Uemtel
1964146,Sim,Mon Aug 03 2026 05:45:18 GMT+0000 (Coordinated Universal Time),RL Bijux Acessórios,Starter
732216,Sim,Sat Aug 01 2026 15:15:38 GMT+0000 (Coordinated Universal Time),Francelice ,
1885118,Sim,Sat Aug 01 2026 15:58:34 GMT+0000 (Coordinated Universal Time),Gazie Modas,Uemtel
425376,Sim,Sat Aug 01 2026 16:30:20 GMT+0000 (Coordinated Universal Time),Nima Store ,
1217456,Sim,Sat Aug 01 2026 16:41:57 GMT+0000 (Coordinated Universal Time),GO Padel,Vesti
2025163,Sim,Mon Aug 03 2026 17:53:14 GMT+0000 (Coordinated Universal Time),Artesanal,Starter
928886,Sim,Sun Aug 02 2026 16:31:31 GMT+0000 (Coordinated Universal Time),Vizoosp ,
1409827,Sim,Sun Aug 02 2026 16:35:52 GMT+0000 (Coordinated Universal Time),HARD ADVENTURE,Starter
95387,Sim,Mon Aug 03 2026 20:36:41 GMT+0000 (Coordinated Universal Time),Soror Clothing,Vesti
174306,Sim,Sun Aug 02 2026 16:42:17 GMT+0000 (Coordinated Universal Time),Doce Infância Kids Teen,Varejo Vesti
107634,Sim,Sun Aug 02 2026 16:47:46 GMT+0000 (Coordinated Universal Time),Angela ,Varejo Vesti
1834101,Sim,Wed Aug 05 2026 18:45:19 GMT+0000 (Coordinated Universal Time),Alx Modas,Uemtel
8632,Não,Mon Aug 03 2026 12:44:42 GMT+0000 (Coordinated Universal Time),,
1535783,Não,Mon Aug 03 2026 12:46:45 GMT+0000 (Coordinated Universal Time),,
1,Não,Mon Aug 10 2026 13:56:11 GMT+0000 (Coordinated Universal Time),,
1541323,Sim,Mon Aug 03 2026 16:29:08 GMT+0000 (Coordinated Universal Time),Misluke,Uemtel
2076398,Sim,Mon Aug 03 2026 16:42:41 GMT+0000 (Coordinated Universal Time),Nilo Pak,
2109457,Sim,Mon Aug 03 2026 16:44:52 GMT+0000 (Coordinated Universal Time),,
1472742,Sim,Mon Aug 03 2026 16:48:49 GMT+0000 (Coordinated Universal Time),CavWeillers,Vesti
1845851,Sim,Tue Aug 04 2026 10:54:05 GMT+0000 (Coordinated Universal Time),Maxima modas,Uemtel
2103135,Sim,Tue Aug 04 2026 12:59:23 GMT+0000 (Coordinated Universal Time),,
1682781,Sim,Tue Aug 04 2026 16:56:52 GMT+0000 (Coordinated Universal Time),Jule Semijoias,Starter
1217381,Sim,Tue Aug 04 2026 17:04:25 GMT+0000 (Coordinated Universal Time),Kroft,Starter
1595994,Não,Tue Aug 04 2026 17:12:12 GMT+0000 (Coordinated Universal Time),,
1951430,Sim,Tue Aug 04 2026 20:12:49 GMT+0000 (Coordinated Universal Time),EJD Calizaya Estilos,Uemtel
2005999,Sim,Wed Aug 05 2026 16:36:11 GMT+0000 (Coordinated Universal Time),Issa Modas ,Starter
749878,Sim,Wed Aug 05 2026 16:38:15 GMT+0000 (Coordinated Universal Time),Dominio Conceito,Starter
1977127,Sim,Wed Aug 05 2026 16:52:39 GMT+0000 (Coordinated Universal Time),BELAMOR,Starter
1976316,Sim,Wed Aug 05 2026 17:07:55 GMT+0000 (Coordinated Universal Time),Ain Roupas,Starter
312645,Não,Thu Aug 06 2026 13:16:32 GMT+0000 (Coordinated Universal Time),,
386662,Sim,Thu Aug 06 2026 16:27:38 GMT+0000 (Coordinated Universal Time),Vionix,Vesti
751875,Sim,Thu Aug 06 2026 16:31:11 GMT+0000 (Coordinated Universal Time),CATTLEYA MODA EVANGELICA,Starter
1406410,Sim,Thu Aug 06 2026 16:32:25 GMT+0000 (Coordinated Universal Time),Veste Boy,Starter
1719984,Sim,Thu Aug 06 2026 16:36:56 GMT+0000 (Coordinated Universal Time),Reve Brand,Starter
1534996,Sim,Thu Aug 06 2026 16:41:38 GMT+0000 (Coordinated Universal Time),Sline Spoorte,Up Agency
319515,Sim,Thu Aug 06 2026 16:45:45 GMT+0000 (Coordinated Universal Time),Sapporo,Attasoft
2090422,Sim,Thu Aug 06 2026 18:59:30 GMT+0000 (Coordinated Universal Time),,
1140146,Sim,Thu Aug 13 2026 13:13:38 GMT+0000 (Coordinated Universal Time),Meiatrês,Vesti
1159714,Sim,Wed Aug 12 2026 13:12:13 GMT+0000 (Coordinated Universal Time),Veste Vegana,Starter
48801,Sim,Mon Aug 10 2026 15:16:37 GMT+0000 (Coordinated Universal Time),Rery,Starter
2107665,Sim,Wed Aug 12 2026 16:45:10 GMT+0000 (Coordinated Universal Time),,
138772,Sim,Mon Aug 10 2026 16:00:48 GMT+0000 (Coordinated Universal Time),Amy,Attasoft
2107957,Sim,Mon Aug 10 2026 17:26:33 GMT+0000 (Coordinated Universal Time),,
2061300,Não,Mon Aug 10 2026 17:29:42 GMT+0000 (Coordinated Universal Time),,
12424,Sim,Mon Aug 10 2026 19:14:47 GMT+0000 (Coordinated Universal Time),Fran Han ,N/A
50178,Sim,Mon Aug 10 2026 19:25:51 GMT+0000 (Coordinated Universal Time),Kayla Plus Size,Attasoft
1803468,Sim,Tue Aug 11 2026 11:26:02 GMT+0000 (Coordinated Universal Time),Maria Andreza Figueiredo,
2118757,Não,Tue Aug 11 2026 12:44:37 GMT+0000 (Coordinated Universal Time),,
1629345,Sim,Tue Aug 11 2026 13:58:49 GMT+0000 (Coordinated Universal Time),Michelle Dos Santos,
930580,Sim,Tue Aug 11 2026 18:58:33 GMT+0000 (Coordinated Universal Time),Lunnar Fitness,Starter
2108179,Sim,Tue Aug 11 2026 19:06:34 GMT+0000 (Coordinated Universal Time),,
463391,Sim,Tue Aug 11 2026 19:21:54 GMT+0000 (Coordinated Universal Time),Gilda De Lira Peixoto ,
2115991,Sim,Wed Aug 12 2026 18:01:00 GMT+0000 (Coordinated Universal Time),Maria Laura De Marqui,
203996,Não,Thu Aug 13 2026 07:00:48 GMT+0000 (Coordinated Universal Time),Sheila rodrigues  ,Starter
